latitude,longitude,district,sf_find_neighborhood,supervisor,tents,structures,observed_month,dist_to_bathroom_m,bathrooms_within_500m,needles_within_500m,underserved
37.71379063176,-122.47462000698,TARAVAL,Parkmerced,7.0,0,0,2025-06-01,492.9611200003096,1,4,False
37.7702223202,-122.41974636912,MISSION,South of Market,6.0,1,0,2025-06-01,253.3034863664663,2,4785,False
37.71145843642,-122.47264120728,TARAVAL,Lakeshore,7.0,0,0,2025-06-01,564.3675437844528,0,5,False
37.7134726215,-122.47313473374,TARAVAL,Parkmerced,7.0,0,0,2025-06-01,426.58399427714176,4,5,False
37.71135923758,-122.45378594846,INGLESIDE,Outer Mission,11.0,0,0,2025-06-01,280.3037990824904,5,26,False
37.77193013366,-122.42322854698,SOUTHERN,South of Market,8.0,0,1,2025-06-01,368.46945147235243,2,4589,False
37.77169797512,-122.42055606097,SOUTHERN,South of Market,6.0,0,1,2025-06-01,384.22288721246633,1,4988,False
37.71178494288,-122.46559068561,TARAVAL,Merced Heights,7.0,0,0,2025-06-01,209.12056775826014,1,20,False
37.77267139299,-122.42072805762,SOUTHERN,South of Market,6.0,0,1,2025-06-01,435.2982941070282,2,5055,False
37.71256208082,-122.44489945471,INGLESIDE,Outer Mission,11.0,0,0,2025-06-01,296.6692261644143,5,29,False
37.76553696588,-122.49781874755,RICHMOND,Golden Gate Park,1.0,0,1,2025-06-01,246.23195217351454,8,33,False
37.77312139235,-122.42072034627,SOUTHERN,South of Market,6.0,0,0,2025-06-01,410.8432643484245,1,5172,False
37.71005425657,-122.44926139712,INGLESIDE,Outer Mission,11.0,0,1,2025-06-01,197.6099607758499,5,22,False
37.71077040753,-122.44701102376,INGLESIDE,Crocker Amazon,11.0,0,1,2025-06-01,91.17980973527953,5,22,False
37.70971076689,-122.46053371578,TARAVAL,Outer Mission,11.0,0,0,2025-06-01,455.7622422817548,2,22,False
37.7735239513,-122.41909392178,SOUTHERN,South of Market,6.0,0,1,2025-06-01,494.8938304116125,1,5505,False
37.77160754053,-122.50251176063,RICHMOND,Golden Gate Park,1.0,0,1,2025-06-01,80.7026626552676,10,24,False
37.70982906544,-122.46258091182,TARAVAL,Outer Mission,11.0,0,0,2025-06-01,481.0389549570477,1,21,False
37.70916197583,-122.46604532003,TARAVAL,Outer Mission,11.0,0,0,2025-06-01,436.6388557907389,1,14,False
37.71162739242,-122.45605275035,TARAVAL,Oceanview,11.0,0,1,2025-06-01,267.9087276187986,7,21,False
37.73151562205,-122.42874652147,INGLESIDE,Mission Terrace,9.0,0,1,2025-06-01,495.9449132798156,1,107,False
37.71147302447,-122.45673537254,TARAVAL,Oceanview,11.0,0,0,2025-06-01,273.38833428622917,7,20,False
37.77000314265,-122.4083499983,SOUTHERN,Showplace Square,6.0,0,4,2025-06-01,422.58357896808997,3,2297,False
37.71945729796,-122.44872394949,TARAVAL,Oceanview,11.0,0,0,2025-06-01,459.48110388264115,2,62,False
37.73188605739,-122.43041284382,INGLESIDE,Mission Terrace,8.0,0,0,2025-06-01,351.8911240587304,2,129,False
37.73183222903,-122.43118599057,INGLESIDE,Mission Terrace,8.0,0,0,2025-06-01,299.1151958932728,2,137,False
37.72301710907,-122.45308957994,TARAVAL,Ingleside,11.0,0,0,2025-06-01,293.1682617014894,1,56,False
37.72078147326,-122.45612550527,TARAVAL,Ingleside,11.0,0,0,2025-06-01,287.6714400022444,5,47,False
37.7686806428,-122.40251384676,SOUTHERN,Showplace Square,6.0,0,0,2025-06-01,406.31629803211734,1,1009,False
37.76896528705,-122.4020062387,SOUTHERN,Showplace Square,6.0,1,1,2025-06-01,355.5717678624505,1,876,False
37.71602117411,-122.45623279363,TARAVAL,Oceanview,11.0,0,0,2025-06-01,79.64095864241621,6,19,False
37.71498919194,-122.45781965554,TARAVAL,Oceanview,11.0,0,0,2025-06-01,24.224790034336337,6,20,False
37.76818688579,-122.40093637258,SOUTHERN,Showplace Square,10.0,0,1,2025-06-01,338.57608724343294,3,720,False
37.74021541119,-122.37601285375,BAYVIEW,Central Waterfront,10.0,0,0,2025-06-01,9.257412446336435,4,1,False
37.7165996189,-122.45800808072,TARAVAL,Oceanview,11.0,0,0,2025-06-01,25.881628385219365,6,23,False
37.72636411215,-122.38916511811,BAYVIEW,Bayview,10.0,0,0,2025-06-01,346.63375804403086,3,99,False
37.74139957798,-122.38426859581,BAYVIEW,India Basin,10.0,0,0,2025-06-01,208.7282382084457,7,152,False
37.72499756613,-122.46154591441,TARAVAL,Ingleside,11.0,0,1,2025-06-01,470.6676582964106,1,33,False
37.72680586705,-122.46579218656,TARAVAL,Mt. Davidson Manor,7.0,0,0,2025-06-01,152.37931983027,1,19,False
37.74253233451,-122.38472355993,BAYVIEW,India Basin,10.0,0,0,2025-06-01,228.93904915762877,8,167,False
37.73073629641,-122.46988490224,TARAVAL,Balboa Terrace,7.0,0,0,2025-06-01,390.3016891076856,1,43,False
37.72495251516,-122.39071675458,BAYVIEW,Bayview,10.0,0,0,2025-06-01,210.16419251327645,3,91,False
37.74218605775,-122.38288113455,BAYVIEW,India Basin,10.0,0,1,2025-06-01,343.3002515019479,8,132,False
37.72877322921,-122.44321737438,INGLESIDE,Mission Terrace,7.0,0,0,2025-06-01,208.21633321052408,7,24,False
37.74328011217,-122.3835510251,BAYVIEW,India Basin,10.0,0,0,2025-06-01,333.2857777484002,8,138,False
37.72942025427,-122.44183134288,INGLESIDE,Mission Terrace,7.0,0,0,2025-06-01,240.77892293371718,7,29,False
37.7241741195,-122.39102389379,BAYVIEW,Bayview,10.0,0,0,2025-06-01,214.24994760846488,4,83,False
37.78680716678,-122.41230323911,CENTRAL,Tenderloin,5.0,0,1,2025-06-01,85.94212453662449,11,2843,False
37.76945424145,-122.47874433749,RICHMOND,Golden Gate Park,4.0,0,1,2025-06-01,156.15538445326897,5,27,False
37.77286830118,-122.39829774946,SOUTHERN,Mission Bay,6.0,1,0,2025-06-01,138.17859480709564,2,592,False
37.72340641011,-122.39201185241,BAYVIEW,Bret Harte,10.0,0,0,2025-06-01,209.25431660583396,4,74,False
37.71871152729,-122.47257415205,TARAVAL,Stonestown,7.0,0,0,2025-06-01,212.8533633820231,4,5,False
37.78753449877,-122.41246920079,CENTRAL,Lower Nob Hill,3.0,0,1,2025-06-01,150.92594828339136,9,2489,False
37.77622467025,-122.39454299212,SOUTHERN,Mission Bay,6.0,0,1,2025-06-01,147.36376818446087,4,659,False
37.72172386823,-122.39360866513,BAYVIEW,Bret Harte,10.0,0,0,2025-06-01,236.26852290450162,4,62,False
37.77006300292,-122.4724666173,RICHMOND,Golden Gate Park,7.0,0,1,2025-06-01,133.90196898419157,12,38,False
37.71484570523,-122.47025940567,TARAVAL,Merced Heights,11.0,0,0,2025-06-01,231.53104263669604,5,7,False
37.71474438912,-122.4698376283,TARAVAL,Merced Heights,11.0,0,0,2025-06-01,244.90299055222337,5,8,False
37.73981848352,-122.38613739072,BAYVIEW,Bayview,10.0,0,0,2025-06-01,36.8640589960113,7,226,False
37.77198653523,-122.49185435627,RICHMOND,Golden Gate Park,1.0,0,1,2025-06-01,246.22981570218565,10,13,False
37.72036369969,-122.39182006982,BAYVIEW,Bret Harte,10.0,0,0,2025-06-01,162.54498650686403,7,58,False
37.72230201377,-122.39011350597,BAYVIEW,Bret Harte,10.0,0,1,2025-06-01,383.95966688495827,5,70,False
37.73596035232,-122.40767253427,INGLESIDE,Bernal Heights,9.0,0,2,2025-06-01,504.88491179451927,0,197,False
37.73674506915,-122.38848174585,BAYVIEW,Bayview,10.0,0,1,2025-06-01,200.82233926816644,8,281,False
37.74280073784,-122.43556134403,INGLESIDE,Diamond Heights,8.0,0,0,2025-06-01,191.13278386301957,6,20,False
37.723103222,-122.38944053857,BAYVIEW,Bayview,10.0,0,0,2025-06-01,381.96607548681123,4,72,False
37.72378840494,-122.3887589837,BAYVIEW,Hunters Point,10.0,0,0,2025-06-01,406.0262155752842,3,77,False
37.72606605293,-122.38672833119,BAYVIEW,Hunters Point,10.0,0,0,2025-06-01,492.36027597288813,2,76,False
37.7269854725,-122.38588565993,BAYVIEW,Hunters Point,10.0,0,0,2025-06-01,385.4038256504908,2,63,False
37.73763963271,-122.40612019925,BAYVIEW,Apparel City,10.0,0,2,2025-06-01,520.7303215901192,0,356,False
37.72866966316,-122.3843761614,BAYVIEW,Hunters Point,10.0,0,0,2025-06-01,197.44656835526823,5,46,False
37.72896039205,-122.38378556488,BAYVIEW,Hunters Point,10.0,0,0,2025-06-01,164.8175369005771,5,45,False
37.73750161729,-122.40492050863,BAYVIEW,Apparel City,10.0,0,0,2025-06-01,462.8854550075159,2,366,False
37.73705262961,-122.40388281243,BAYVIEW,Apparel City,10.0,0,1,2025-06-01,399.5465176520625,2,354,False
37.72659900858,-122.38340388808,BAYVIEW,Hunters Point,10.0,0,0,2025-06-01,373.45009435867166,3,42,False
37.72600856466,-122.38361890991,BAYVIEW,Hunters Point,10.0,0,0,2025-06-01,424.04525897899305,2,47,False
37.73024623863,-122.37142575981,BAYVIEW,Hunters Point,10.0,0,0,2025-06-01,391.52433011724565,4,8,False
37.73788360323,-122.40411316437,BAYVIEW,Apparel City,10.0,0,0,2025-06-01,475.0123265169054,2,421,False
37.72644208681,-122.38422386439,BAYVIEW,Hunters Point,10.0,0,0,2025-06-01,387.7642292472936,2,53,False
37.73882660543,-122.40278276614,BAYVIEW,Apparel City,10.0,0,2,2025-06-01,548.2371085075313,0,505,False
37.72750514976,-122.47462101281,TARAVAL,Stonestown,7.0,0,1,2025-06-01,80.75143333436863,2,39,False
37.72546365713,-122.38164164664,BAYVIEW,Hunters Point,10.0,0,0,2025-06-01,507.49111267787623,0,28,False
37.72583211084,-122.47516918927,TARAVAL,Stonestown,7.0,0,0,2025-06-01,89.31526424038206,2,19,False
37.72605562912,-122.38103285349,BAYVIEW,Hunters Point,10.0,0,0,2025-06-01,483.86320818085096,2,25,False
37.73814149661,-122.40000207288,BAYVIEW,Silver Terrace,10.0,0,0,2025-06-01,536.4472700203022,0,258,False
37.72644192037,-122.38070207233,BAYVIEW,Hunters Point,10.0,0,0,2025-06-01,470.78940720713484,3,25,False
37.73607690491,-122.39754944562,BAYVIEW,Silver Terrace,10.0,0,0,2025-06-01,527.8483746353078,0,167,False
37.73701701575,-122.39951588345,BAYVIEW,Silver Terrace,10.0,0,0,2025-06-01,468.92575314724667,2,218,False
37.73773368834,-122.39881196761,BAYVIEW,Silver Terrace,10.0,0,0,2025-06-01,555.4874697795105,0,220,False
37.72875975663,-122.37349182392,BAYVIEW,Hunters Point,10.0,0,0,2025-06-01,374.06551845920404,2,7,False
37.73919404695,-122.40004567006,BAYVIEW,Silver Terrace,10.0,0,0,2025-06-01,461.85177752050885,1,335,False
37.72777366755,-122.38195660429,BAYVIEW,Hunters Point,10.0,0,0,2025-06-01,312.80975844190925,4,35,False
37.72724408048,-122.38239410278,BAYVIEW,Hunters Point,10.0,0,0,2025-06-01,337.952940209167,3,36,False
37.72643838513,-122.38103049954,BAYVIEW,Hunters Point,10.0,0,0,2025-06-01,455.14978834234694,3,25,False
37.73740710088,-122.42492001504,INGLESIDE,Holly Park,8.0,0,1,2025-06-01,381.03531676355175,3,118,False
37.72624304657,-122.38216556211,BAYVIEW,Hunters Point,10.0,0,0,2025-06-01,427.32127742679546,3,31,False
37.71763847424,-122.47319173068,TARAVAL,Parkmerced,7.0,0,0,2025-06-01,246.72714711995187,4,5,False
37.72678752569,-122.38317371146,BAYVIEW,Hunters Point,10.0,0,0,2025-06-01,359.3924045157268,3,39,False
37.7311756531,-122.37715264487,BAYVIEW,Hunters Point,10.0,0,0,2025-06-01,138.50254217125558,4,14,False
37.74079187718,-122.39892721133,BAYVIEW,Produce Market,10.0,0,0,2025-06-01,303.9994905131882,1,276,False
37.72464751597,-122.47478328645,TARAVAL,Stonestown,7.0,0,0,2025-06-01,71.84610331168244,2,13,False
37.7423001795,-122.39714998338,BAYVIEW,Produce Market,10.0,0,0,2025-06-01,208.0766220474974,1,233,False
37.72516861276,-122.47518964112,TARAVAL,Stonestown,7.0,0,0,2025-06-01,95.93675733685436,2,15,False
37.72223173364,-122.39184410501,BAYVIEW,Bret Harte,10.0,0,0,2025-06-01,299.9697382078523,4,64,False
37.73797371239,-122.41882033646,INGLESIDE,Holly Park,9.0,0,0,2025-06-01,170.28038028741304,7,118,False
37.73811529831,-122.42042127997,INGLESIDE,Holly Park,9.0,0,0,2025-06-01,88.29971847789426,7,143,False
37.74325437696,-122.39955386352,BAYVIEW,Produce Market,10.0,0,0,2025-06-01,124.65416336893891,1,481,False
37.74713881952,-122.39595035236,BAYVIEW,Produce Market,10.0,0,0,2025-06-01,340.5896436044631,1,77,False
37.72790845634,-122.38084958755,BAYVIEW,Hunters Point,10.0,0,0,2025-06-01,341.51515765317816,4,29,False
37.73116878471,-122.48050209135,TARAVAL,Merced Manor,7.0,0,0,2025-06-01,413.41306996372873,3,17,False
37.74637533792,-122.39463234027,BAYVIEW,Produce Market,10.0,0,1,2025-06-01,389.7858172988843,1,100,False
37.73264760511,-122.47796338052,TARAVAL,Merced Manor,7.0,0,0,2025-06-01,271.5093065366917,4,29,False
37.73317607007,-122.47791074216,TARAVAL,Merced Manor,7.0,0,0,2025-06-01,229.42422907414834,4,29,False
37.72717498122,-122.38013265164,BAYVIEW,Hunters Point,10.0,0,0,2025-06-01,415.87663891629455,3,25,False
37.74517992668,-122.39506374597,BAYVIEW,Produce Market,10.0,0,3,2025-06-01,314.77578576578276,1,126,False
37.7266650076,-122.38051483854,BAYVIEW,Hunters Point,10.0,0,0,2025-06-01,453.4458433008936,3,25,False
37.74531050725,-122.39719392023,BAYVIEW,Produce Market,10.0,0,0,2025-06-01,150.19494469958897,1,203,False
37.74625170376,-122.40278347241,BAYVIEW,Produce Market,10.0,0,0,2025-06-01,406.3746632909691,3,765,False
37.72580549067,-122.38131340617,BAYVIEW,Hunters Point,10.0,0,0,2025-06-01,491.70966027553385,2,27,False
37.74276939607,-122.40421986848,BAYVIEW,Produce Market,10.0,0,0,2025-06-01,516.0072453544628,0,595,False
37.74276939607,-122.40421986848,BAYVIEW,Produce Market,10.0,0,1,2025-06-01,516.0072453544628,0,595,False
37.73925832505,-122.4067490279,BAYVIEW,Apparel City,10.0,1,0,2025-06-01,671.186600939921,0,382,False
37.74155108072,-122.40647148468,BAYVIEW,Apparel City,9.0,10,3,2025-06-01,735.9692715996499,0,486,False
37.7291943618,-122.38419268988,BAYVIEW,Bayview,10.0,0,0,2025-06-01,148.81983730364882,5,47,False
37.72814451537,-122.3819649376,BAYVIEW,Hunters Point,10.0,0,0,2025-06-01,284.9092911050217,5,36,False
37.74823358233,-122.40357488434,BAYVIEW,Produce Market,10.0,2,3,2025-06-01,226.5749550469251,2,1087,False
37.74105282403,-122.40007397331,BAYVIEW,Produce Market,10.0,0,0,2025-06-01,310.4153895168869,1,524,False
37.74061114022,-122.40096251769,BAYVIEW,Apparel City,10.0,1,0,2025-06-01,383.10805309561414,1,555,False
37.74343624004,-122.40794632584,INGLESIDE,Peralta Heights,9.0,0,1,2025-06-01,554.3958864447515,0,460,False
37.71903879742,-122.4004824087,INGLESIDE,Portola,10.0,0,0,2025-06-01,612.4273266572508,0,43,False
37.71647390501,-122.39977933466,INGLESIDE,Portola,10.0,0,0,2025-06-01,556.8067865197928,0,46,False
37.71550743921,-122.39958118647,INGLESIDE,Portola,10.0,0,0,2025-06-01,554.3677321844522,0,41,False
37.71260425292,-122.41203971207,INGLESIDE,Visitacion Valley,10.0,0,0,2025-06-01,293.97845679267925,6,13,False
37.71366809586,-122.41553932428,INGLESIDE,McLaren Park,10.0,0,0,2025-06-01,32.138159825870616,3,8,False
37.71886084115,-122.41080891341,INGLESIDE,Portola,10.0,0,0,2025-06-01,167.5248279287134,5,24,False
37.75201458807,-122.4841767177,TARAVAL,Outer Sunset,4.0,0,0,2025-06-01,486.3533978260122,1,30,False
37.72273255324,-122.41751912981,INGLESIDE,University Mound,11.0,0,0,2025-06-01,93.47863657247298,9,5,False
37.75568946887,-122.48677644879,TARAVAL,Outer Sunset,4.0,0,0,2025-06-01,101.58327251882274,3,33,False
37.75756885478,-122.4870024249,TARAVAL,Outer Sunset,4.0,0,0,2025-06-01,39.51036357652816,3,41,False
37.75370135,-122.48839046806,TARAVAL,Outer Sunset,4.0,0,0,2025-06-01,304.73063017584025,3,25,False
37.75657032099,-122.49490790069,TARAVAL,Outer Sunset,4.0,0,0,2025-06-01,546.4936928566491,0,33,False
37.75911102888,-122.49487169087,TARAVAL,Outer Sunset,4.0,0,0,2025-06-01,697.7276821400689,0,45,False
37.76069133963,-122.49624934047,TARAVAL,Outer Sunset,4.0,0,0,2025-06-01,614.8050834768153,0,43,False
37.76268139109,-122.49533202499,TARAVAL,Outer Sunset,4.0,0,0,2025-06-01,423.51773846686444,2,39,False
37.76461625925,-122.49608304352,TARAVAL,Golden Gate Park,4.0,0,0,2025-06-01,299.0065604663071,6,36,False
37.76462739122,-122.4977433309,TARAVAL,Golden Gate Park,1.0,0,0,2025-06-01,316.223896442772,4,35,False
37.76437188555,-122.50254783779,TARAVAL,Golden Gate Park,4.0,0,0,2025-06-01,211.71190764516547,4,51,False
37.76467907536,-122.49305985868,TARAVAL,Outer Sunset,4.0,0,0,2025-06-01,186.38942526731847,4,25,False
37.76573183352,-122.4719780311,TARAVAL,Golden Gate Park,7.0,0,0,2025-06-01,294.20541817214905,10,71,False
37.74951724539,-122.40337249928,MISSION,Potrero Hill,10.0,0,2,2025-06-01,181.53722402275508,2,1075,False
37.76396874668,-122.4688911438,TARAVAL,Inner Sunset,7.0,0,0,2025-06-01,253.22427558813808,4,100,False
37.76368090259,-122.46960058808,TARAVAL,Inner Sunset,7.0,0,0,2025-06-01,295.0002882186728,3,109,False
37.74959662286,-122.40323419148,BAYVIEW,Potrero Hill,10.0,0,1,2025-06-01,191.47527378060605,2,1069,False
37.76358521937,-122.47395046055,TARAVAL,Inner Sunset,7.0,0,0,2025-06-01,208.13551395991465,3,71,False
37.75989130285,-122.40797677796,MISSION,Mission,9.0,0,0,2025-06-01,314.7674245228841,9,1025,False
37.76311465472,-122.40897835248,MISSION,Mission,9.0,0,0,2025-06-01,138.48160575023124,5,1669,False
37.76743366067,-122.40476358275,MISSION,Showplace Square,6.0,0,0,2025-06-01,370.32480907614746,3,1291,False
37.71747286289,-122.38733690895,BAYVIEW,Bret Harte,10.0,0,0,2025-06-01,18.971672497394227,3,27,False
37.76806960764,-122.40479948017,SOUTHERN,Showplace Square,6.0,0,0,2025-06-01,400.36053903001897,2,1360,False
37.76718789479,-122.40480460836,SOUTHERN,Showplace Square,6.0,0,0,2025-06-01,356.1735710150816,3,1232,False
37.71547774115,-122.38938051571,BAYVIEW,Candlestick Point SRA,10.0,0,0,2025-06-01,146.89738228115758,4,25,False
37.7533670757,-122.49642703682,TARAVAL,Outer Sunset,4.0,0,0,2025-06-01,238.71912775969912,3,26,False
37.7146610345,-122.38882132701,BAYVIEW,Candlestick Point SRA,10.0,0,0,2025-06-01,192.17866740856869,3,23,False
37.7670325061,-122.40566957551,MISSION,Showplace Square,6.0,0,0,2025-06-01,284.56794458891636,3,1378,False
37.76650893034,-122.40563009102,MISSION,Showplace Square,6.0,0,0,2025-06-01,264.2814408516275,3,1320,False
37.72018271443,-122.39799231044,BAYVIEW,Bret Harte,10.0,0,0,2025-06-01,436.18808320614363,1,31,False
37.72110733668,-122.39793496328,BAYVIEW,Bret Harte,10.0,0,0,2025-06-01,456.5262979269178,1,33,False
37.76769182301,-122.40771728982,MISSION,Showplace Square,10.0,0,0,2025-06-01,226.3961825036681,4,1930,False
37.76836161335,-122.40845157452,MISSION,Mission,10.0,0,0,2025-06-01,278.7324546881986,4,2235,False
37.76832340206,-122.4090429933,MISSION,Mission,9.0,0,1,2025-06-01,282.0921396478934,4,2410,False
37.71018008907,-122.40126348216,BAYVIEW,Little Hollywood,10.0,0,0,2025-06-01,554.243608119149,0,41,False
37.72940407872,-122.49232962728,TARAVAL,Lakeshore,7.0,0,0,2025-06-01,131.4978742208203,2,17,False
37.76612682328,-122.41050381088,MISSION,Mission,10.0,0,0,2025-06-01,160.35326306925023,5,2563,False
37.70998698539,-122.39640404639,BAYVIEW,Little Hollywood,10.0,0,0,2025-06-01,846.741691880093,0,15,True
37.71420059701,-122.39935474899,INGLESIDE,Little Hollywood,10.0,0,0,2025-06-01,568.6336870240756,0,44,False
37.73863630033,-122.48292412609,TARAVAL,Parkside,4.0,0,0,2025-06-01,74.80133645096471,11,21,False
37.73733365583,-122.47864533216,TARAVAL,Parkside,4.0,0,0,2025-06-01,106.04582622653517,7,23,False
37.7466700306,-122.39075364533,BAYVIEW,Central Waterfront,10.0,2,1,2025-06-01,387.28155013662337,3,138,False
37.74532411889,-122.38925792731,BAYVIEW,Central Waterfront,10.0,2,0,2025-06-01,279.273341180958,3,181,False
37.76921210697,-122.4215731423,MISSION,Mission,9.0,0,1,2025-06-01,211.86299828795293,3,4243,False
37.7452546621,-122.38721618887,BAYVIEW,Central Waterfront,10.0,0,0,2025-06-01,149.0521734855352,3,185,False
37.7452546621,-122.38721618887,BAYVIEW,Central Waterfront,10.0,1,0,2025-06-01,149.0521734855352,3,185,False
37.76337360692,-122.42110555998,MISSION,Mission,9.0,0,1,2025-06-01,102.72115687156202,9,2063,False
37.74448246182,-122.38995577142,BAYVIEW,Central Waterfront,10.0,0,0,2025-06-01,270.91666566764565,3,208,False
37.74011512161,-122.39007248902,BAYVIEW,Bayview,10.0,0,2,2025-06-01,323.1019324948375,7,270,False
37.76454980286,-122.41517950586,MISSION,Mission,9.0,0,1,2025-06-01,73.83670493509418,8,2697,False
37.72591141192,-122.37952568647,BAYVIEW,Hunters Point,10.0,0,0,2025-06-01,536.8210542126072,0,22,False
37.73859930514,-122.38947826548,BAYVIEW,Bayview,10.0,0,0,2025-06-01,333.12387608902316,9,292,False
37.72561106803,-122.38959963938,BAYVIEW,Bayview,10.0,0,0,2025-06-01,301.30918639583507,3,94,False
37.72717812125,-122.39055080943,BAYVIEW,Bayview,10.0,0,0,2025-06-01,259.9362993483332,4,104,False
37.72600226551,-122.39191541914,BAYVIEW,Bayview,10.0,0,0,2025-06-01,105.43515864532496,3,94,False
37.72522691082,-122.39219899787,BAYVIEW,Bayview,10.0,0,0,2025-06-01,78.86888268914264,3,92,False
37.72380354168,-122.38970955379,BAYVIEW,Bayview,10.0,0,0,2025-06-01,329.9113506349799,3,76,False
37.73825582339,-122.46862594038,TARAVAL,West Portal,7.0,0,0,2025-06-01,349.42704399246935,4,87,False
37.72440818962,-122.39240576976,BAYVIEW,Bret Harte,10.0,0,0,2025-06-01,115.20078967030983,4,88,False
37.7240390026,-122.39178325737,BAYVIEW,Bret Harte,10.0,0,0,2025-06-01,172.8431007298538,4,83,False
37.7224085803,-122.38891463512,BAYVIEW,Bret Harte,10.0,0,0,2025-06-01,455.1130774829888,7,67,False
37.74699304274,-122.47049845755,TARAVAL,Golden Gate Heights,7.0,0,0,2025-06-01,325.8194692376843,1,102,False
37.75058097376,-122.38272871996,BAYVIEW,Central Waterfront,10.0,0,0,2025-06-01,464.5050439625994,1,56,False
37.75431511663,-122.38411803753,BAYVIEW,Central Waterfront,10.0,3,0,2025-06-01,566.333434806648,0,103,False
37.74595457122,-122.38651313286,BAYVIEW,Central Waterfront,10.0,1,0,2025-06-01,68.00196350762288,3,130,False
37.74673143219,-122.39071137301,BAYVIEW,Central Waterfront,10.0,0,1,2025-06-01,383.56118839444764,3,138,False
37.74676698994,-122.38888750933,BAYVIEW,Central Waterfront,10.0,1,0,2025-06-01,223.58156809708404,3,125,False
37.77175996079,-122.386436602,SOUTHERN,Mission Bay,6.0,0,0,2025-06-01,228.04832096540144,7,31,False
37.78444846694,-122.38760897156,SOUTHERN,South Beach,6.0,0,0,2025-06-01,359.98919845878373,1,342,False
37.79164817768,-122.39006907829,SOUTHERN,Financial District,6.0,0,1,2025-06-01,173.10611509498116,5,321,False
37.79514645563,-122.39443421724,CENTRAL,Financial District,3.0,2,1,2025-06-01,47.72341814219942,7,262,False
37.79418366609,-122.3917299836,SOUTHERN,Financial District,6.0,0,0,2025-06-01,47.829868296139736,6,205,False
37.8093705825,-122.41686507755,CENTRAL,Fishermans Wharf,3.0,0,0,2025-06-01,65.03281206941112,3,81,False
37.80809740242,-122.41755168752,CENTRAL,Fishermans Wharf,3.0,0,0,2025-06-01,156.5536976816669,3,108,False
37.76644159865,-122.41157307575,MISSION,Mission,9.0,0,1,2025-06-01,100.37608665604695,6,2846,False
37.76494152568,-122.41142787523,MISSION,Mission,9.0,0,0,2025-06-01,101.43098548884582,7,2381,False
37.76373810585,-122.41133095843,MISSION,Mission,9.0,0,0,2025-06-01,179.04238911083976,7,2131,False
37.75096725401,-122.41251188975,MISSION,Mission,9.0,0,0,2025-06-01,74.08068436372332,6,425,False
37.76103152776,-122.41277098801,MISSION,Mission,9.0,0,0,2025-06-01,84.06351513160827,11,1793,False
37.76211298139,-122.4127556034,MISSION,Mission,9.0,0,0,2025-06-01,166.89333297077349,12,1920,False
37.76816094635,-122.41250624106,MISSION,Mission,9.0,1,0,2025-06-01,223.55193478484574,6,3013,False
37.76538855634,-122.41139762688,MISSION,Mission,9.0,0,0,2025-06-01,87.30004578727768,7,2526,False
37.76363829342,-122.41226145242,MISSION,Mission,9.0,0,0,2025-06-01,173.85946051837286,10,2189,False
37.76446531925,-122.41234863192,MISSION,Mission,9.0,0,0,2025-06-01,101.0632025652847,7,2414,False
37.76163534649,-122.41243258782,MISSION,Mission,9.0,0,0,2025-06-01,118.7570205831865,12,1811,False
37.78464818069,-122.41107378155,TENDERLOIN,Tenderloin,5.0,2,0,2025-06-01,71.26774110931905,11,3735,False
37.78502152975,-122.41197265685,TENDERLOIN,Tenderloin,5.0,3,0,2025-06-01,63.68523699163419,10,3808,False
37.78435538255,-122.41688344628,TENDERLOIN,Tenderloin,6.0,1,0,2025-06-01,110.13794080650497,17,4420,False
37.78420408098,-122.41857994348,TENDERLOIN,Tenderloin,6.0,1,0,2025-06-01,107.8072196373123,11,3632,False
37.78439989854,-122.41268344224,TENDERLOIN,Tenderloin,5.0,2,0,2025-06-01,42.09706613478946,13,4324,False
37.78511506545,-122.41458479315,TENDERLOIN,Tenderloin,5.0,2,0,2025-06-01,83.03601790576191,12,4324,False
37.78650165871,-122.41902820766,NORTHERN,Lower Nob Hill,3.0,1,0,2025-06-01,119.3704485570987,8,3302,False
37.78352494244,-122.42004945874,NORTHERN,Tenderloin,6.0,1,0,2025-06-01,207.57453879239125,11,3231,False
37.78557505799,-122.41880625486,TENDERLOIN,Tenderloin,6.0,1,0,2025-06-01,51.67746299909965,8,3418,False
37.7815277673,-122.42065899074,NORTHERN,Cathedral Hill,5.0,1,0,2025-06-01,124.69366283946867,13,3057,False
37.75317594753,-122.50545937568,TARAVAL,Outer Sunset,4.0,0,1,2025-09-01,659.4926015405377,0,33,False
37.76321679803,-122.50974152237,TARAVAL,Outer Sunset,4.0,0,0,2025-09-01,260.23700198697424,13,81,False
37.76581373175,-122.46666558087,TARAVAL,Inner Sunset,7.0,0,1,2025-09-01,45.40216885797387,10,97,False
37.76394277184,-122.47047733516,TARAVAL,Inner Sunset,7.0,0,1,2025-09-01,312.47682583407055,3,101,False
37.76576178337,-122.47291848063,TARAVAL,Golden Gate Park,7.0,0,0,2025-09-01,329.1038681345645,5,54,False
37.76544903213,-122.47929509729,TARAVAL,Golden Gate Park,4.0,0,0,2025-09-01,242.28976852648793,4,70,False
37.76515960354,-122.48572167009,TARAVAL,Golden Gate Park,4.0,0,0,2025-09-01,388.8273903445568,2,41,False
37.76473579534,-122.4950678274,TARAVAL,Golden Gate Park,1.0,0,0,2025-09-01,268.7233366393617,6,28,False
37.76459611568,-122.4978415668,TARAVAL,Golden Gate Park,1.0,0,0,2025-09-01,321.9018834150308,4,35,False
37.76436631954,-122.50403512269,TARAVAL,Golden Gate Park,4.0,0,0,2025-09-01,81.61378176555492,13,53,False
37.7639796137,-122.50620938838,TARAVAL,Outer Sunset,4.0,0,0,2025-09-01,117.13091493006992,13,83,False
37.76409623528,-122.5086780265,TARAVAL,Golden Gate Park,1.0,0,0,2025-09-01,176.65087201938982,15,81,False
37.76217990741,-122.509274818,TARAVAL,Outer Sunset,4.0,0,0,2025-09-01,164.53675622090654,12,81,False
37.76067278536,-122.50944513828,TARAVAL,Outer Sunset,4.0,0,0,2025-09-01,38.99387886708703,3,84,False
37.75954918283,-122.50933650881,TARAVAL,Outer Sunset,4.0,0,0,2025-09-01,64.32351841209366,2,85,False
37.7593366003,-122.50928990543,TARAVAL,Outer Sunset,4.0,0,0,2025-09-01,83.34054198481688,2,83,False
37.75936390208,-122.50898681581,TARAVAL,Outer Sunset,4.0,0,0,2025-09-01,84.25728321035557,2,86,False
37.75789966417,-122.50908974558,TARAVAL,Outer Sunset,4.0,0,0,2025-09-01,210.01772390157822,2,78,False
37.75558237689,-122.50881012529,TARAVAL,Outer Sunset,4.0,0,0,2025-09-01,414.48258085610706,2,54,False
37.74945640488,-122.50799372792,TARAVAL,Outer Sunset,4.0,0,0,2025-09-01,709.1044318460304,0,30,False
37.76760514307,-122.48824114025,RICHMOND,Golden Gate Park,1.0,0,0,2025-01-01,260.8283467369672,6,15,False
37.76987937463,-122.40496505052,SOUTHERN,Showplace Square,6.0,1,2,2025-01-01,506.97622475574053,0,1332,False
37.7678015251,-122.40477092564,SOUTHERN,Showplace Square,6.0,0,0,2025-01-01,387.94890598588813,3,1326,False
37.7244077837,-122.47522182763,TARAVAL,Stonestown,7.0,0,0,2025-01-01,115.61129568775472,2,13,False
37.76536872376,-122.40470219404,SOUTHERN,Potrero Hill,10.0,0,2,2025-01-01,319.28263334737676,3,1156,False
37.71904171474,-122.47452244163,TARAVAL,Parkmerced,7.0,0,0,2025-01-01,382.9854507061165,4,2,False
37.78260784377,-122.4661244452,RICHMOND,Inner Richmond,1.0,0,1,2025-01-01,185.77363994301945,5,230,False
37.77533757485,-122.39397916807,SOUTHERN,Mission Bay,6.0,0,1,2025-01-01,77.42163638202626,7,500,False
37.76248986934,-122.40917666131,MISSION,Mission,9.0,0,0,2025-01-01,187.9189238354175,6,1567,False
37.7145478567,-122.47007030994,TARAVAL,Merced Heights,11.0,0,0,2025-01-01,258.87517462842555,5,8,False
37.76860590362,-122.4009712413,SOUTHERN,Showplace Square,10.0,0,1,2025-01-01,311.02705834413155,3,740,False
37.7238095104,-122.47500758618,TARAVAL,Stonestown,7.0,0,0,2025-01-01,138.25892226784333,2,12,False
37.71428289515,-122.47024096549,TARAVAL,Merced Heights,11.0,0,0,2025-01-01,280.9357729166194,5,9,False
37.7601406851,-122.41271076993,MISSION,Mission,9.0,0,0,2025-01-01,52.78419210628658,11,1543,False
37.76079645914,-122.41264153917,MISSION,Mission,9.0,0,0,2025-01-01,61.31865977378981,11,1724,False
37.77864783955,-122.45868735015,RICHMOND,Inner Richmond,1.0,0,0,2025-01-01,45.68961228486592,5,158,False
37.76202896388,-122.41277770875,MISSION,Mission,9.0,0,0,2025-01-01,160.6136197320765,12,1923,False
37.76419244794,-122.40047737956,SOUTHERN,Potrero Hill,10.0,0,0,2025-01-01,119.74741889439528,3,499,False
37.76186477025,-122.41274309337,MISSION,Mission,9.0,0,0,2025-01-01,146.07440730126564,12,1870,False
37.7670691069,-122.41394637618,MISSION,Mission,9.0,0,0,2025-01-01,188.31422241668557,5,2930,False
37.72674328397,-122.47219026089,TARAVAL,Stonestown,7.0,0,0,2025-01-01,202.54216608720907,2,34,False
37.76699412961,-122.41510558543,MISSION,Mission,9.0,0,0,2025-01-01,266.9182229529773,5,3211,False
37.76604626038,-122.41653733227,MISSION,Mission,9.0,1,0,2025-01-01,178.61729466854456,6,3263,False
37.76532825786,-122.41661872882,MISSION,Mission,9.0,0,1,2025-01-01,122.13898689667192,6,2965,False
37.76864054595,-122.42137055087,MISSION,Mission,9.0,1,0,2025-01-01,162.89318235629582,3,4042,False
37.769270909,-122.42158978232,MISSION,Mission,9.0,1,0,2025-01-01,216.78213437451723,3,4244,False
37.77684398519,-122.47380662709,RICHMOND,Inner Richmond,1.0,0,0,2025-01-01,422.7414455483371,4,207,False
37.76439094877,-122.41867772457,MISSION,Mission,9.0,1,0,2025-01-01,127.24522077906306,6,2492,False
37.77606142677,-122.49072432518,RICHMOND,Outer Richmond,1.0,0,0,2025-01-01,396.12476543017397,2,38,False
37.76312099148,-122.41722135518,MISSION,Mission,9.0,0,0,2025-01-01,136.94695273837138,7,2455,False
37.74838527178,-122.41765704119,MISSION,Mission,9.0,1,0,2025-01-01,342.1977044621381,7,529,False
37.75063333884,-122.41727189845,MISSION,Mission,9.0,0,1,2025-01-01,167.49884280064148,9,593,False
37.75080059843,-122.41659112922,MISSION,Mission,9.0,0,1,2025-01-01,191.23816024252272,9,595,False
37.7654517907,-122.41424665444,MISSION,Mission,9.0,1,0,2025-01-01,165.64940298855805,6,2826,False
37.767724634,-122.41342652677,MISSION,Mission,9.0,0,0,2025-01-01,207.02169740058125,6,2964,False
37.76807022361,-122.41299319342,MISSION,Mission,6.0,0,0,2025-01-01,222.17613621658197,6,3023,False
37.76809242239,-122.41290088573,MISSION,Mission,6.0,0,1,2025-01-01,222.21322936124778,6,3022,False
37.76774680538,-122.41537020173,MISSION,Mission,9.0,0,1,2025-01-01,323.1187907898693,5,3343,False
37.76825515468,-122.41239348382,MISSION,Mission,9.0,0,2,2025-01-01,231.49168212443186,6,3021,False
37.76828109954,-122.40853143439,MISSION,Mission,10.0,0,0,2025-01-01,272.0232694037906,4,2250,False
37.76854192274,-122.40639158585,MISSION,Showplace Square,6.0,0,3,2025-01-01,340.25887635970696,3,1649,False
37.76739326139,-122.40567681286,MISSION,Showplace Square,6.0,0,0,2025-01-01,303.20856532433515,3,1414,False
37.76717637931,-122.40609476159,MISSION,Showplace Square,6.0,0,0,2025-01-01,262.9800357927713,3,1495,False
37.76862982541,-122.40494773061,SOUTHERN,Showplace Square,6.0,0,0,2025-01-01,423.86959604894105,2,1335,False
37.76925227249,-122.40917039549,MISSION,South of Market,6.0,0,1,2025-01-01,364.12552076917893,4,2503,False
37.76964690263,-122.41278256901,MISSION,South of Market,6.0,0,0,2025-01-01,355.4791120695201,1,3334,False
37.76983527675,-122.41659765919,MISSION,South of Market,6.0,2,0,2025-01-01,372.24870943124404,1,4423,False
37.71525862885,-122.3829145442,BAYVIEW,Candlestick Point SRA,10.0,0,0,2025-01-01,415.7907194563266,2,9,False
37.71639516371,-122.38442231188,BAYVIEW,Candlestick Point SRA,10.0,0,0,2025-01-01,255.2673514864621,3,19,False
37.74502361816,-122.38695495897,BAYVIEW,India Basin,10.0,0,0,2025-01-01,157.4991675780469,4,185,False
37.75304186295,-122.3858619287,BAYVIEW,Central Waterfront,10.0,0,1,2025-01-01,557.1567997199601,0,173,False
37.75330260254,-122.38598769197,BAYVIEW,Central Waterfront,10.0,1,0,2025-01-01,579.2789043771836,0,181,False
37.75426766676,-122.38431592053,BAYVIEW,Central Waterfront,10.0,0,0,2025-01-01,566.5951333295822,0,109,False
37.75417896267,-122.38614637018,BAYVIEW,Central Waterfront,10.0,0,0,2025-01-01,564.3441534894497,0,187,False
37.75420228902,-122.38630012309,BAYVIEW,Central Waterfront,10.0,0,0,2025-01-01,563.5515316138532,0,197,False
37.74607349844,-122.3867729022,BAYVIEW,Central Waterfront,10.0,0,1,2025-01-01,67.5413714319703,3,126,False
37.74651598871,-122.38810904498,BAYVIEW,Central Waterfront,10.0,1,0,2025-01-01,156.15166056850134,3,113,False
37.74677188576,-122.39073908806,BAYVIEW,Central Waterfront,10.0,1,0,2025-01-01,386.02656757356056,3,138,False
37.74768584657,-122.38748143999,BAYVIEW,Central Waterfront,10.0,0,1,2025-01-01,131.76510745516117,3,111,False
37.77453722146,-122.38735168177,SOUTHERN,Mission Bay,6.0,1,0,2025-01-01,141.64811637230335,8,62,False
37.78809997705,-122.38755200856,SOUTHERN,Rincon Hill,6.0,0,0,2025-01-01,210.3020694798633,1,335,False
37.79106759393,-122.38960319397,SOUTHERN,Rincon Hill,6.0,0,0,2025-01-01,107.89483939211617,2,322,False
37.79422382866,-122.3917212152,SOUTHERN,,6.0,0,0,2025-01-01,50.946421824205956,6,205,False
37.79478166816,-122.39417552708,CENTRAL,Financial District,3.0,0,0,2025-01-01,39.45098691158567,7,259,False
37.79566298339,-122.39489027545,CENTRAL,Financial District,3.0,1,0,2025-01-01,94.38083214658673,7,258,False
37.79595363203,-122.3950963524,CENTRAL,Financial District,3.0,1,0,2025-01-01,82.26016629986508,7,265,False
37.80679791462,-122.40548516143,CENTRAL,Northern Waterfront,3.0,0,0,2025-01-01,371.7393183019204,4,91,False
37.80856313245,-122.41619450025,CENTRAL,Fishermans Wharf,3.0,0,0,2025-01-01,55.611703917024094,3,123,False
37.81076416393,-122.41870129114,CENTRAL,Fishermans Wharf,3.0,0,0,2025-01-01,263.18310838123443,2,39,False
37.80808306031,-122.41750415672,CENTRAL,Fishermans Wharf,3.0,0,0,2025-01-01,154.08090379216088,3,111,False
37.74445934205,-122.4803327769,TARAVAL,Parkside,4.0,0,0,2025-01-01,86.19838941487862,4,48,False
37.74835278,-122.48323056847,TARAVAL,Outer Sunset,4.0,0,0,2025-01-01,468.98687970429154,3,17,False
37.74984398195,-122.49132983387,TARAVAL,Outer Sunset,4.0,0,0,2025-01-01,569.700964640642,0,24,False
37.75195812342,-122.48606935143,TARAVAL,Outer Sunset,4.0,0,0,2025-01-01,434.5787457309807,3,30,False
37.75624825319,-122.48736519367,TARAVAL,Outer Sunset,4.0,0,0,2025-01-01,65.83946799937193,3,37,False
37.7844377169,-122.43732360525,NORTHERN,Lower Pacific Heights,5.0,0,1,2025-01-01,31.555694922106984,8,506,False
37.76276382281,-122.49663155526,TARAVAL,Outer Sunset,4.0,0,0,2025-01-01,459.7503279268423,2,38,False
37.7592279232,-122.49619401991,TARAVAL,Outer Sunset,4.0,0,0,2025-01-01,721.984314852784,0,41,False
37.73452651559,-122.49451059848,TARAVAL,Parkside,4.0,0,0,2025-01-01,453.3693959662061,3,40,False
37.73260252764,-122.47829195112,TARAVAL,Merced Manor,4.0,0,0,2025-01-01,268.13208788578925,3,28,False
37.73408688769,-122.47795734555,TARAVAL,Merced Manor,7.0,0,0,2025-01-01,156.089007435679,5,27,False
37.72859237939,-122.49293077737,TARAVAL,Lakeshore,7.0,0,0,2025-01-01,76.15268085182169,2,10,False
37.71423064537,-122.47567076236,TARAVAL,Parkmerced,7.0,0,0,2025-01-01,544.543036044474,0,4,False
37.71183401156,-122.46335372329,TARAVAL,Merced Heights,11.0,1,1,2025-01-01,305.9258161965731,2,22,False
37.71146692401,-122.45584286749,TARAVAL,Oceanview,11.0,0,1,2025-01-01,250.94837547230964,7,21,False
37.71944960691,-122.44874574244,TARAVAL,Oceanview,11.0,0,0,2025-01-01,458.4178421703804,2,62,False
37.71989383023,-122.44876552373,TARAVAL,Oceanview,11.0,0,0,2025-01-01,496.2670510521468,2,62,False
37.72192820639,-122.45489839464,TARAVAL,Ingleside,11.0,0,0,2025-01-01,221.9612011429714,1,46,False
37.71580687522,-122.47077338398,TARAVAL,Merced Heights,11.0,0,0,2025-01-01,150.85253409761168,5,6,False
37.73728592977,-122.4796109274,TARAVAL,Parkside,4.0,0,0,2025-01-01,154.54770035480698,9,25,False
37.7701751454,-122.40838453174,SOUTHERN,Showplace Square,6.0,1,1,2025-01-01,437.694215232917,3,2353,False
37.71138602658,-122.45375242084,INGLESIDE,Outer Mission,11.0,0,0,2025-01-01,283.84663923736775,5,26,False
37.71254059691,-122.45274357498,INGLESIDE,Outer Mission,11.0,0,1,2025-01-01,296.8934533413976,5,22,False
37.71333072324,-122.45047040284,INGLESIDE,Outer Mission,11.0,0,0,2025-01-01,102.07210217976689,5,26,False
37.71355192527,-122.44949441403,INGLESIDE,Outer Mission,11.0,0,0,2025-01-01,75.52394271462532,5,27,False
37.71251009506,-122.44498696178,INGLESIDE,Outer Mission,11.0,0,0,2025-01-01,288.62564477434483,5,29,False
37.71003489387,-122.44914572686,INGLESIDE,Outer Mission,11.0,0,1,2025-01-01,187.3272552393255,5,21,False
37.72829750308,-122.44369413704,INGLESIDE,,7.0,0,0,2025-01-01,171.25515896712568,7,27,False
37.72852953265,-122.44359221309,INGLESIDE,Mission Terrace,7.0,0,0,2025-01-01,189.42514406968218,7,28,False
37.72958466138,-122.44135189801,INGLESIDE,Mission Terrace,7.0,0,0,2025-01-01,213.36648945364539,6,29,False
37.74258015341,-122.43556302041,INGLESIDE,Diamond Heights,8.0,0,0,2025-01-01,171.9737585786312,6,20,False
37.74067122219,-122.42348603904,INGLESIDE,Bernal Heights,9.0,1,0,2025-01-01,358.9435822718465,5,185,False
37.73692533186,-122.42108982056,INGLESIDE,Holly Park,9.0,0,0,2025-01-01,47.41828631350469,6,110,False
37.73728911151,-122.41871707141,INGLESIDE,Holly Park,9.0,0,0,2025-01-01,162.49328079894252,7,90,False
37.73827783012,-122.42046989501,INGLESIDE,Holly Park,9.0,0,0,2025-01-01,101.87643958683462,7,146,False
37.74224794989,-122.41237800568,INGLESIDE,Bernal Heights,9.0,0,0,2025-01-01,347.3461442911431,4,84,False
37.73736785949,-122.40908090025,INGLESIDE,Bernal Heights,9.0,0,0,2025-01-01,612.5243083438891,0,209,False
37.736638178,-122.40858133882,INGLESIDE,Bernal Heights,9.0,1,0,2025-01-01,604.3551658878765,0,198,False
37.71918943667,-122.40053974092,INGLESIDE,Portola,10.0,0,0,2025-01-01,617.2237015308034,0,42,False
37.71514408301,-122.39949770272,INGLESIDE,Visitacion Valley,10.0,0,0,2025-01-01,557.7241010623784,0,42,False
37.71910165222,-122.410113886,INGLESIDE,Portola,10.0,0,0,2025-01-01,226.6214152380327,5,21,False
37.71366226081,-122.41556815803,INGLESIDE,McLaren Park,10.0,0,0,2025-01-01,30.483514191143367,3,8,False
37.72263973423,-122.41751108319,INGLESIDE,McLaren Park,9.0,0,0,2025-01-01,96.16824604831778,9,4,False
37.73144588348,-122.42706712335,INGLESIDE,Mission Terrace,11.0,0,1,2025-01-01,523.6196526539072,0,77,False
37.73091369382,-122.42646127939,INGLESIDE,Mission Terrace,11.0,0,0,2025-01-01,500.66859433842774,0,62,False
37.73191045249,-122.43081450462,INGLESIDE,Mission Terrace,8.0,0,0,2025-01-01,321.14495738752845,2,135,False
37.7793272879,-122.40005459636,SOUTHERN,South of Market,6.0,9,5,2025-01-01,250.54458379463563,1,1436,False
37.7709389494,-122.40857060999,SOUTHERN,Showplace Square,6.0,2,0,2025-01-01,505.11009489241974,0,2731,False
37.76859821768,-122.40682214499,MISSION,Showplace Square,10.0,4,5,2025-01-01,327.4779739797947,3,1736,False
37.78516223071,-122.39381041378,SOUTHERN,Rincon Hill,6.0,0,1,2025-01-01,133.2379493123977,1,668,False
37.76907182959,-122.41815313697,MISSION,Mission,9.0,0,2,2025-01-01,223.8709479372083,4,4415,False
37.7708232259,-122.46054292857,PARK,Golden Gate Park,7.0,1,0,2025-03-01,109.3740434607083,21,60,False
37.77391902869,-122.45532567028,PARK,Golden Gate Park,1.0,1,0,2025-03-01,60.554726927423005,13,146,False
37.77263447047,-122.47282112592,RICHMOND,Golden Gate Park,1.0,0,1,2025-03-01,120.19513117446903,9,56,False
37.77089352002,-122.50953599778,RICHMOND,Golden Gate Park,1.0,0,1,2025-03-01,125.12642923318535,11,51,False
37.76497970805,-122.50978739961,RICHMOND,Golden Gate Park,1.0,0,1,2025-03-01,153.27951369155514,15,60,False
37.76585149603,-122.50595166176,RICHMOND,Golden Gate Park,1.0,0,1,2025-03-01,142.73157464483455,15,56,False
37.76543360383,-122.50515815252,RICHMOND,Golden Gate Park,1.0,0,1,2025-03-01,80.09310813955476,13,60,False
37.7671960001,-122.50794077032,RICHMOND,Golden Gate Park,1.0,0,1,2025-03-01,4.748019172292777,13,43,False
37.76556328715,-122.49786479063,RICHMOND,Golden Gate Park,1.0,0,1,2025-03-01,246.18063390670392,8,33,False
37.77040624747,-122.50785340484,RICHMOND,Golden Gate Park,1.0,0,0,2025-03-01,159.78792180794898,12,44,False
37.77167041287,-122.42133591324,SOUTHERN,South of Market,6.0,1,0,2025-03-01,395.87222865179325,2,4856,False
37.77017779567,-122.41886492819,MISSION,South of Market,6.0,1,1,2025-03-01,268.5537644412424,2,4892,False
37.76979324045,-122.41631448269,MISSION,South of Market,6.0,0,2,2025-03-01,390.6193005260449,1,4340,False
37.74239695117,-122.4107837677,INGLESIDE,Bernal Heights,9.0,0,0,2025-03-01,447.71953656373597,2,188,False
37.76964296918,-122.41177082062,MISSION,South of Market,6.0,0,1,2025-03-01,357.0891838542489,4,3039,False
37.76601622408,-122.40558665246,MISSION,Showplace Square,6.0,1,0,2025-03-01,252.01096398763858,3,1289,False
37.73846820135,-122.42038171738,INGLESIDE,Holly Park,9.0,0,0,2025-03-01,119.4254516423129,7,151,False
37.78581697689,-122.39008650184,SOUTHERN,South Beach,6.0,1,0,2025-03-01,377.1960505076595,2,437,False
37.74064656484,-122.42366205901,INGLESIDE,Bernal Heights,9.0,1,0,2025-03-01,346.8194254351111,5,187,False
37.77033522156,-122.45278280228,PARK,Haight Ashbury,5.0,0,1,2025-03-01,129.07324766779786,26,239,False
37.76612506743,-122.4811087645,TARAVAL,Golden Gate Park,4.0,1,0,2025-03-01,387.76259884560193,6,65,False
37.78344677354,-122.42016982287,NORTHERN,Tenderloin,6.0,0,1,2025-03-01,217.74215511847325,11,3156,False
37.74635995709,-122.42046218365,INGLESIDE,Bernal Heights,9.0,0,1,2025-03-01,200.96323301667928,2,410,False
37.78552073875,-122.41897556931,TENDERLOIN,Tenderloin,6.0,0,2,2025-03-01,64.89933060105416,8,3400,False
37.76953006676,-122.44987159967,PARK,Haight Ashbury,5.0,0,3,2025-03-01,112.4504806158877,13,321,False
37.76988997575,-122.44705427438,PARK,Haight Ashbury,5.0,0,1,2025-03-01,204.68276782627458,6,359,False
37.77649047015,-122.41329967976,SOUTHERN,South of Market,6.0,0,1,2025-03-01,321.0683710445079,5,6320,False
37.78809065782,-122.42141336203,NORTHERN,Lower Nob Hill,3.0,0,1,2025-03-01,365.2486512207702,2,2397,False
37.77681695486,-122.41193778813,SOUTHERN,South of Market,6.0,1,0,2025-03-01,308.6450718174374,4,6510,False
37.78960702448,-122.39788100123,SOUTHERN,Financial District,6.0,0,1,2025-03-01,179.89726929799647,2,784,False
37.78849260532,-122.42021776736,NORTHERN,Lower Nob Hill,3.0,0,1,2025-03-01,322.67239383987095,2,2718,False
37.7763725431,-122.41148885339,SOUTHERN,South of Market,6.0,0,1,2025-03-01,359.17376718863903,7,6242,False
37.78908373179,-122.42038037628,NORTHERN,Lower Nob Hill,3.0,0,3,2025-03-01,374.44502839149317,2,2429,False
37.74727405892,-122.39487659186,BAYVIEW,Central Waterfront,10.0,2,0,2025-03-01,416.6779268785666,1,85,False
37.76538568659,-122.40456607193,SOUTHERN,Potrero Hill,10.0,0,1,2025-03-01,331.2869920261221,4,1133,False
37.74565555015,-122.39457115531,BAYVIEW,Produce Market,10.0,0,2,2025-03-01,368.60996298304656,1,106,False
37.74525549068,-122.39599373192,BAYVIEW,Produce Market,10.0,0,0,2025-03-01,239.45501226906984,1,120,False
37.76419668871,-122.40450706333,SOUTHERN,Potrero Hill,10.0,0,1,2025-03-01,347.0591829151727,6,898,False
37.78357714332,-122.39437736571,SOUTHERN,South of Market,6.0,0,1,2025-03-01,264.8211829839305,1,735,False
37.74476157731,-122.39813882858,BAYVIEW,Produce Market,10.0,0,0,2025-03-01,57.38614928433855,1,303,False
37.74309608664,-122.39960834384,BAYVIEW,Produce Market,10.0,0,1,2025-03-01,137.85325066596945,1,498,False
37.74666404036,-122.39994630218,BAYVIEW,Produce Market,10.0,0,0,2025-03-01,247.13120057076972,1,384,False
37.74271059524,-122.43564046919,INGLESIDE,Diamond Heights,8.0,0,0,2025-03-01,184.33972756747892,6,20,False
37.74471120485,-122.40293193609,BAYVIEW,Produce Market,10.0,0,1,2025-03-01,389.0340787042363,1,623,False
37.76607559345,-122.44993563741,PARK,Cole Valley,8.0,0,1,2025-03-01,308.42982633023917,10,240,False
37.74326390999,-122.40234553814,BAYVIEW,Produce Market,10.0,0,0,2025-03-01,345.92586308899376,1,553,False
37.74275062917,-122.40151170641,BAYVIEW,Produce Market,10.0,0,1,2025-03-01,292.64317939561096,1,558,False
37.74038328746,-122.39926233888,BAYVIEW,Produce Market,10.0,0,0,2025-03-01,343.94099386191624,1,291,False
37.74204088533,-122.40004017949,BAYVIEW,Produce Market,10.0,0,2,2025-03-01,233.8665718105419,1,536,False
37.74106070118,-122.39603832364,BAYVIEW,Produce Market,10.0,0,0,2025-03-01,353.6162506711077,1,232,False
37.76583559632,-122.47305581927,TARAVAL,Golden Gate Park,7.0,0,1,2025-03-01,317.13977715959027,5,54,False
37.74336783831,-122.39588409662,BAYVIEW,Produce Market,10.0,0,1,2025-03-01,243.75444851663437,1,201,False
37.74186881715,-122.4015090242,BAYVIEW,Produce Market,10.0,0,2,2025-03-01,334.111579369467,1,593,False
37.74123462715,-122.40040495992,BAYVIEW,Produce Market,10.0,0,4,2025-03-01,310.56804937697007,1,566,False
37.74130515189,-122.40123074502,BAYVIEW,Produce Market,10.0,0,0,2025-03-01,349.8591520593101,1,588,False
37.74250194122,-122.40506898612,BAYVIEW,Apparel City,10.0,0,0,2025-03-01,594.0221562718875,0,573,False
37.74203240123,-122.40463413298,BAYVIEW,Apparel City,10.0,0,1,2025-03-01,569.8310589553619,0,596,False
37.73731483056,-122.40584682673,BAYVIEW,Apparel City,10.0,0,2,2025-03-01,483.92374982996256,1,355,False
37.73724589288,-122.4038811028,BAYVIEW,Apparel City,10.0,1,3,2025-03-01,416.17763627565125,2,386,False
37.73881208797,-122.40269422531,BAYVIEW,Apparel City,10.0,0,2,2025-03-01,547.3074971016397,0,504,False
37.73913211055,-122.40047838539,BAYVIEW,Apparel City,10.0,0,1,2025-03-01,479.29344022905434,1,388,False
37.76674601726,-122.47726976812,RICHMOND,Golden Gate Park,7.0,0,1,2025-03-01,59.413583614432895,6,58,False
37.73934978874,-122.39873226732,BAYVIEW,Silver Terrace,10.0,0,0,2025-03-01,428.8562200522553,1,236,False
37.73997179868,-122.39783808589,BAYVIEW,Produce Market,10.0,0,0,2025-03-01,378.70265879107814,1,242,False
37.78200985883,-122.41307575616,TENDERLOIN,Tenderloin,6.0,1,0,2025-03-01,163.78687848854352,14,5467,False
37.7729904741,-122.40019608289,SOUTHERN,South of Market,6.0,1,0,2025-03-01,192.52690379987303,1,691,False
37.73874315169,-122.39522393793,BAYVIEW,Bayview,10.0,0,0,2025-03-01,546.9670959789555,0,207,False
37.78103568601,-122.40759260952,SOUTHERN,South of Market,6.0,0,1,2025-03-01,225.89914434958442,10,4099,False
37.78373198071,-122.41088928443,TENDERLOIN,Tenderloin,5.0,1,0,2025-03-01,95.82195738639655,10,4177,False
37.74035597867,-122.39046402276,BAYVIEW,Bayview,10.0,0,0,2025-03-01,335.1613780399316,5,262,False
37.79538684371,-122.39772375673,CENTRAL,Financial District,3.0,0,1,2025-03-01,269.1353221115674,7,402,False
37.7843892819,-122.4126586664,TENDERLOIN,Tenderloin,5.0,1,0,2025-03-01,39.819437848880376,13,4317,False
37.74331189732,-122.38818582147,BAYVIEW,Central Waterfront,10.0,0,0,2025-03-01,85.08214641795173,6,205,False
37.78293205749,-122.41321524447,TENDERLOIN,Tenderloin,5.0,1,0,2025-03-01,151.38422157756133,17,4877,False
37.78421406854,-122.41432749698,,Tenderloin,,1,0,2025-03-01,113.19689803087628,14,4586,False
37.78509123855,-122.41453362151,TENDERLOIN,Tenderloin,5.0,7,0,2025-03-01,86.64185830587229,12,4345,False
37.72828212281,-122.44369916618,INGLESIDE,Mission Terrace,7.0,0,0,2025-03-01,170.04860638136526,7,27,False
37.78650629828,-122.41901097473,NORTHERN,Lower Nob Hill,3.0,2,0,2025-03-01,118.84602617732169,8,3301,False
37.78583477731,-122.41216662009,TENDERLOIN,Tenderloin,5.0,1,0,2025-03-01,20.99913467062531,10,3403,False
37.74508926256,-122.39090960473,BAYVIEW,Central Waterfront,10.0,0,0,2025-03-01,370.009303132007,3,150,False
37.74510888121,-122.38933011889,BAYVIEW,Central Waterfront,10.0,0,2,2025-03-01,268.6640275823631,3,188,False
37.77774101537,-122.40130316466,SOUTHERN,South of Market,6.0,0,8,2025-03-01,328.32141101581897,6,1778,False
37.7936056531,-122.40079052746,CENTRAL,Financial District,3.0,0,1,2025-03-01,254.0715476240015,7,1002,False
37.78639100243,-122.41224762172,TENDERLOIN,Tenderloin,5.0,1,0,2025-03-01,51.08815828711103,11,3057,False
37.78382251347,-122.43609175086,NORTHERN,Western Addition,5.0,0,0,2025-03-01,61.20419655908225,8,567,False
37.74618657339,-122.38840777427,BAYVIEW,Central Waterfront,10.0,0,3,2025-03-01,187.15495071357185,3,131,False
37.78138810398,-122.4203909057,NORTHERN,Civic Center,6.0,1,0,2025-03-01,98.20299367169768,13,3204,False
37.72935661271,-122.44203284383,INGLESIDE,Sunnyside,7.0,0,0,2025-03-01,253.3182519546554,7,29,False
37.74617464331,-122.39125292748,BAYVIEW,Central Waterfront,10.0,0,0,2025-03-01,433.6258782606001,3,138,False
37.76899673852,-122.47864434629,RICHMOND,Golden Gate Park,4.0,0,1,2025-03-01,189.71572790490657,5,31,False
37.775,-122.4183,TENDERLOIN,South of Market,6.0,1,0,2025-03-01,348.86479417249865,4,5732,False
37.78345144351,-122.41670038164,TENDERLOIN,Tenderloin,6.0,1,0,2025-03-01,87.26046771872218,17,4818,False
37.78407693137,-122.41175213194,TENDERLOIN,Tenderloin,5.0,1,0,2025-03-01,21.43466588564666,10,4185,False
37.78481180377,-122.40939859846,TENDERLOIN,Downtown / Union Square,5.0,1,0,2025-03-01,146.26811624845863,6,2869,False
37.78501936634,-122.41201698379,TENDERLOIN,Tenderloin,5.0,2,0,2025-03-01,62.51367095689054,10,3845,False
37.7841639682,-122.4185256763,TENDERLOIN,Tenderloin,6.0,1,0,2025-03-01,102.17515504296087,12,3645,False
37.7699571228,-122.47345812369,RICHMOND,Golden Gate Park,7.0,0,1,2025-03-01,186.45952275726168,11,36,False
37.77899127445,-122.41013869643,SOUTHERN,South of Market,6.0,1,0,2025-03-01,277.3442819178802,7,6531,False
37.74196611923,-122.3839301616,BAYVIEW,India Basin,10.0,0,1,2025-03-01,266.0658711531655,8,144,False
37.77401555256,-122.40221343935,SOUTHERN,South of Market,6.0,1,0,2025-03-01,384.3690293888066,5,1495,False
37.77358516975,-122.41925384849,SOUTHERN,South of Market,6.0,1,0,2025-03-01,495.5510058272373,1,5423,False
37.73912680778,-122.38317713141,BAYVIEW,Bayview,10.0,0,2,2025-03-01,120.2501946863639,7,140,False
37.77481005811,-122.40202099085,SOUTHERN,South of Market,6.0,0,1,2025-03-01,390.71410913883915,5,1582,False
37.74023401698,-122.38700330257,BAYVIEW,Bayview,10.0,0,2,2025-03-01,120.76352319680956,7,251,False
37.7874282478,-122.41004046053,CENTRAL,Lower Nob Hill,3.0,1,2,2025-03-01,213.69910128711183,7,2135,False
37.77250469642,-122.44098443538,PARK,Buena Vista,5.0,0,2,2025-03-01,133.79728456589118,2,515,False
37.73121624954,-122.42869656533,INGLESIDE,Mission Terrace,11.0,0,1,2025-03-01,511.8046642897242,0,100,False
37.73547364234,-122.3895322904,BAYVIEW,Bayview,10.0,0,0,2025-03-01,69.18025493319396,6,277,False
37.73547974082,-122.39037081599,BAYVIEW,Bayview,10.0,2,0,2025-03-01,74.20667484839514,3,223,False
37.79071654434,-122.39359111803,SOUTHERN,Financial District,6.0,1,0,2025-03-01,299.4275424000484,7,374,False
37.73148247635,-122.41510078311,INGLESIDE,Portola,9.0,0,2,2025-03-01,476.65748442913656,1,39,False
37.78732703103,-122.41244304925,CENTRAL,Lower Nob Hill,3.0,0,1,2025-03-01,132.95236029554027,9,2627,False
37.74345771499,-122.40794029087,INGLESIDE,Peralta Heights,9.0,0,1,2025-03-01,553.822902711154,0,462,False
37.786129377,-122.41475511342,TENDERLOIN,Tenderloin,5.0,0,1,2025-03-01,132.76018365889144,11,3643,False
37.72782203907,-122.38005135208,BAYVIEW,Hunters Point,10.0,0,0,2025-03-01,362.9923327269062,3,26,False
37.7264807527,-122.38094788045,BAYVIEW,Hunters Point,10.0,0,0,2025-03-01,455.90712820219375,3,25,False
37.78844782684,-122.41864096373,NORTHERN,Lower Nob Hill,3.0,0,1,2025-03-01,270.76102072320253,5,2908,False
37.72571118598,-122.38142967224,BAYVIEW,Hunters Point,10.0,0,0,2025-03-01,494.82196354005987,2,28,False
37.78876551504,-122.41862084717,CENTRAL,Lower Nob Hill,3.0,0,1,2025-03-01,298.2314128628988,6,2764,False
37.7376014515,-122.40913487971,INGLESIDE,Bernal Heights,9.0,0,0,2025-03-01,605.3768681859002,0,212,False
37.78942049425,-122.41885554045,NORTHERN,Lower Nob Hill,3.0,0,1,2025-03-01,357.89331980277143,4,2532,False
37.72572152824,-122.38301251084,BAYVIEW,Hunters Point,10.0,0,0,2025-03-01,453.9892436183926,2,34,False
37.77685511532,-122.42277055979,NORTHERN,Civic Center,5.0,0,1,2025-03-01,167.8633770853709,10,4460,False
37.72681965653,-122.38659594208,BAYVIEW,Bayview,10.0,0,1,2025-03-01,430.7305706174701,2,69,False
37.72552316863,-122.38609872758,BAYVIEW,Hunters Point,10.0,0,1,2025-03-01,508.9464723514575,0,69,False
37.72432345292,-122.38837458193,BAYVIEW,Bayview,10.0,0,0,2025-03-01,422.9547018154327,3,83,False
37.72373631706,-122.38953329623,BAYVIEW,Bayview,10.0,0,0,2025-03-01,346.3459316721687,3,75,False
37.72319346418,-122.39033360034,BAYVIEW,Bret Harte,10.0,0,0,2025-03-01,315.0894819547648,4,71,False
37.72280203482,-122.38968852907,BAYVIEW,Bret Harte,10.0,0,2,2025-03-01,380.4620915769978,5,71,False
37.7211129775,-122.38652922213,BAYVIEW,Bret Harte,10.0,0,1,2025-03-01,337.19646101458363,3,42,False
37.71690594615,-122.38579697907,BAYVIEW,Candlestick Point SRA,10.0,0,0,2025-03-01,126.71225305261817,3,25,False
37.73751342373,-122.40827389061,INGLESIDE,Bernal Heights,9.0,0,2,2025-03-01,632.5901015254532,0,255,False
37.73225887734,-122.41650156677,INGLESIDE,Bernal Heights,9.0,0,1,2025-03-01,403.84363047377735,2,43,False
37.71422534082,-122.38843426108,BAYVIEW,Candlestick Point SRA,10.0,0,0,2025-03-01,226.10816134694915,3,22,False
37.72406701249,-122.39178031683,BAYVIEW,Bret Harte,10.0,0,1,2025-03-01,171.11642096189456,4,83,False
37.72444331929,-122.39100247622,BAYVIEW,Bayview,10.0,0,0,2025-03-01,203.41235386950814,3,86,False
37.72343558713,-122.39184871316,BAYVIEW,Bret Harte,10.0,0,0,2025-03-01,213.53324051772833,4,74,False
37.72269277368,-122.39765703678,BAYVIEW,Bret Harte,10.0,0,0,2025-03-01,443.9602478580509,3,45,False
37.72368539991,-122.41942852736,INGLESIDE,University Mound,9.0,0,0,2025-03-01,99.6176517066611,8,11,False
37.72683424156,-122.38875243813,BAYVIEW,Bayview,10.0,0,0,2025-03-01,391.8640567041852,3,103,False
37.72022772529,-122.39804629236,BAYVIEW,Bret Harte,10.0,0,0,2025-03-01,441.6966658071976,1,31,False
37.7211938643,-122.39815760404,BAYVIEW,Bret Harte,10.0,0,0,2025-03-01,477.47497477825556,1,33,False
37.71496373036,-122.39859312773,BAYVIEW,Little Hollywood,10.0,0,0,2025-03-01,598.519026600209,0,41,False
37.78788557631,-122.41339892149,CENTRAL,Lower Nob Hill,3.0,0,1,2025-03-01,216.4587860536957,9,2609,False
37.78423032156,-122.39520471151,SOUTHERN,South of Market,6.0,2,0,2025-03-01,221.67088901075456,1,705,False
37.72632560313,-122.50218213092,TARAVAL,Lakeshore,7.0,0,1,2025-03-01,207.33442677830877,2,0,False
37.71885421088,-122.41080053151,INGLESIDE,Portola,10.0,0,0,2025-03-01,168.3404251551448,5,24,False
37.79872152614,-122.40883111954,CENTRAL,North Beach,3.0,0,1,2025-03-01,179.02509114512,21,751,False
37.71055848061,-122.40127634257,BAYVIEW,Little Hollywood,10.0,0,0,2025-03-01,530.9748108528618,0,46,False
37.77293164031,-122.42394670844,NORTHERN,Mint Hill,8.0,0,1,2025-03-01,268.2720429282129,3,4501,False
37.71925229134,-122.40050654858,INGLESIDE,Portola,10.0,0,0,2025-03-01,623.054810732736,0,42,False
37.77003740559,-122.47267450842,RICHMOND,Golden Gate Park,7.0,0,1,2024-10-01,142.36988003997172,12,35,False
37.77312215978,-122.45474785578,PARK,Golden Gate Park,1.0,0,1,2024-10-01,54.7009714940354,16,167,False
37.76548110245,-122.47537337244,TARAVAL,Inner Sunset,7.0,0,1,2024-10-01,134.21852731264545,5,59,False
37.76571169025,-122.4737868458,TARAVAL,Golden Gate Park,7.0,0,0,2024-10-01,255.95726725955348,5,58,False
37.76409199449,-122.4662508443,TARAVAL,Inner Sunset,7.0,0,1,2024-10-01,198.15551648318902,3,106,False
37.76404561093,-122.46854547411,TARAVAL,Inner Sunset,7.0,0,0,2024-10-01,242.6847961524291,4,102,False
37.76186555068,-122.47696660459,TARAVAL,Inner Sunset,7.0,0,1,2024-10-01,142.2958838639778,3,78,False
37.76360907392,-122.4773344025,TARAVAL,Outer Sunset,4.0,0,1,2024-10-01,92.67661046962667,3,76,False
37.73230156855,-122.47453283519,TARAVAL,Merced Manor,7.0,0,1,2024-10-01,451.151824732388,4,58,False
37.7253287863,-122.47521344572,TARAVAL,Stonestown,7.0,0,0,2024-10-01,99.91560920160627,2,16,False
37.72747332817,-122.48141571879,TARAVAL,Lakeshore,7.0,0,0,2024-10-01,612.2360811243032,0,5,False
37.77417488463,-122.45522101381,RICHMOND,Golden Gate Park,1.0,0,1,2024-10-01,77.39739597440328,10,147,False
37.72324385128,-122.48518824577,TARAVAL,Lakeshore,7.0,0,0,2024-10-01,753.2556341365694,0,1,False
37.76803902221,-122.48067592824,RICHMOND,Golden Gate Park,4.0,0,1,2024-10-01,225.86437500711224,7,45,False
37.7181232861,-122.4847342819,TARAVAL,Parkmerced,7.0,0,0,2024-10-01,646.1964922441143,0,2,False
37.76943985094,-122.47874278099,RICHMOND,Golden Gate Park,4.0,0,1,2024-10-01,157.04760265653513,5,27,False
37.7192233835,-122.48470377177,TARAVAL,Parkmerced,7.0,0,0,2024-10-01,724.9540275065657,0,2,False
37.7720578015,-122.48135239565,RICHMOND,Golden Gate Park,1.0,2,0,2024-10-01,169.21762161653544,5,35,False
37.71528120377,-122.49299682677,TARAVAL,Lakeshore,7.0,0,0,2024-10-01,402.5802132230835,1,0,False
37.76545459288,-122.49805291855,RICHMOND,Golden Gate Park,1.0,0,1,2024-10-01,262.8136942144609,8,33,False
37.71815723342,-122.49941568822,TARAVAL,Lakeshore,7.0,0,0,2024-10-01,653.847582252746,0,1,False
37.73376525235,-122.49181833118,TARAVAL,Lakeshore,7.0,0,0,2024-10-01,449.3788554178365,2,26,False
37.76556729473,-122.47861313548,TARAVAL,Golden Gate Park,4.0,0,1,2024-10-01,182.77882399900514,6,71,False
37.73261790701,-122.47863996774,TARAVAL,Merced Manor,7.0,0,0,2024-10-01,262.4575819537496,3,27,False
37.73411923675,-122.47798014432,TARAVAL,Merced Manor,7.0,0,0,2024-10-01,152.6225336922373,5,27,False
37.73371036473,-122.47936617583,TARAVAL,Merced Manor,4.0,0,0,2024-10-01,170.70538451683808,5,20,False
37.72422612765,-122.47489761561,TARAVAL,Stonestown,7.0,0,0,2024-10-01,103.6771056499247,2,13,False
37.71728945018,-122.47315954417,TARAVAL,Parkmerced,7.0,0,2,2024-10-01,244.10059991618905,4,5,False
37.77461474516,-122.40293495357,SOUTHERN,South of Market,6.0,0,1,2024-10-01,330.01588362647914,6,1819,False
37.7224090122,-122.47240047902,TARAVAL,Stonestown,7.0,0,0,2024-10-01,278.9486482732044,6,9,False
37.71584878025,-122.47130781412,TARAVAL,Merced Heights,11.0,0,0,2024-10-01,164.59377776872142,5,6,False
37.7716299536,-122.50224773857,RICHMOND,Golden Gate Park,1.0,0,1,2024-10-01,96.47175374546615,10,25,False
37.71443964429,-122.46994391084,TARAVAL,Merced Heights,11.0,0,0,2024-10-01,269.68212523748406,5,8,False
37.71386648721,-122.3997662589,INGLESIDE,Little Hollywood,10.0,0,0,2024-10-01,535.0636359451381,0,46,False
37.71506451572,-122.38929692656,BAYVIEW,Candlestick Point SRA,10.0,0,0,2024-10-01,173.34127532376053,4,25,False
37.77024193219,-122.40855015814,SOUTHERN,Showplace Square,6.0,4,0,2024-10-01,443.9300006252786,2,2421,False
37.77279992666,-122.40987181664,SOUTHERN,South of Market,6.0,0,1,2024-10-01,483.0725219195551,3,4421,False
37.70982031242,-122.3961147666,BAYVIEW,Little Hollywood,10.0,0,0,2024-10-01,852.4288393632658,0,15,True
37.71053009987,-122.39867124707,BAYVIEW,Little Hollywood,10.0,0,0,2024-10-01,720.0226890437187,0,35,False
37.72363183078,-122.46164649725,TARAVAL,Ingleside,7.0,0,0,2024-10-01,473.6745789490792,1,35,False
37.72494187644,-122.46141649783,TARAVAL,Ingleside,7.0,0,1,2024-10-01,458.6401334718743,1,33,False
37.77541348439,-122.41454657167,SOUTHERN,South of Market,6.0,0,1,2024-10-01,351.3431411630564,5,6329,False
37.7191629157,-122.44884364307,TARAVAL,Oceanview,11.0,0,0,2024-10-01,432.03355137173975,2,61,False
37.72146675718,-122.38703448325,BAYVIEW,Hunters Point,10.0,4,0,2024-10-01,363.6057066458754,3,53,False
37.72179401513,-122.38793235272,BAYVIEW,Bret Harte,10.0,0,0,2024-10-01,397.63375103639316,3,64,False
37.76979138525,-122.41154786199,SOUTHERN,South of Market,6.0,0,1,2024-10-01,373.24067589504614,4,3024,False
37.78992006269,-122.39244037089,SOUTHERN,Financial District,6.0,1,0,2024-10-01,323.0334789143709,6,457,False
37.77048178106,-122.41260465235,SOUTHERN,South of Market,6.0,2,0,2024-10-01,427.36291084233466,1,3788,False
37.71292916294,-122.45404075831,TARAVAL,Oceanview,11.0,0,0,2024-10-01,272.1193781370674,9,24,False
37.72086421686,-122.38953765482,BAYVIEW,Bret Harte,10.0,1,0,2024-10-01,329.62963122490453,4,58,False
37.7114953044,-122.45616372675,TARAVAL,Oceanview,11.0,0,0,2024-10-01,258.7305050367226,7,21,False
37.72204330305,-122.38965466619,BAYVIEW,Bret Harte,10.0,0,0,2024-10-01,402.384583605178,7,68,False
37.72209819932,-122.39031951874,BAYVIEW,Bret Harte,10.0,0,0,2024-10-01,363.4563971337972,6,68,False
37.72387952136,-122.38983672112,BAYVIEW,Bayview,10.0,0,0,2024-10-01,316.9317662100331,3,78,False
37.79457059587,-122.39447131265,CENTRAL,Financial District,3.0,0,1,2024-10-01,12.196566163881974,8,270,False
37.72412827187,-122.38855730742,BAYVIEW,Bayview,10.0,0,0,2024-10-01,412.3762872121597,3,80,False
37.7126432422,-122.46599502862,TARAVAL,Merced Heights,11.0,0,1,2024-10-01,131.1510087205396,1,21,False
37.77322342363,-122.4182004109,SOUTHERN,South of Market,6.0,0,1,2024-10-01,496.04302929540177,1,5433,False
37.72579657592,-122.38979883492,BAYVIEW,Bayview,10.0,0,0,2024-10-01,284.54858849954314,3,93,False
37.72514395025,-122.39030677825,BAYVIEW,Bayview,10.0,0,0,2024-10-01,242.01994891144054,3,93,False
37.72453958351,-122.3909605667,BAYVIEW,Bayview,10.0,0,0,2024-10-01,202.76734592691844,3,87,False
37.77041366936,-122.41790905595,SOUTHERN,South of Market,6.0,1,2,2024-10-01,327.2461339595904,1,4898,False
37.72390047159,-122.39151913673,BAYVIEW,Bret Harte,10.0,1,0,2024-10-01,197.2071520246078,4,80,False
37.77006754435,-122.41784736514,SOUTHERN,South of Market,6.0,0,1,2024-10-01,306.16044715982065,2,4865,False
37.72232335315,-122.39183228463,BAYVIEW,Bret Harte,10.0,0,0,2024-10-01,301.5992965139991,4,67,False
37.72204754624,-122.3932005465,BAYVIEW,Bret Harte,10.0,0,0,2024-10-01,261.2128063237605,4,64,False
37.76564832777,-122.50571792678,RICHMOND,Golden Gate Park,1.0,1,0,2024-10-01,116.4163402223996,14,57,False
37.72533382487,-122.39376883954,BAYVIEW,Bayview,10.0,0,0,2024-10-01,34.66891647723119,3,99,False
37.72707820888,-122.39031918347,BAYVIEW,Bayview,10.0,0,0,2024-10-01,272.80651926002287,4,101,False
37.72698221314,-122.38861329854,BAYVIEW,Bayview,10.0,0,0,2024-10-01,407.36510894198125,3,98,False
37.72662527761,-122.38618355244,BAYVIEW,Hunters Point,10.0,0,0,2024-10-01,425.7464623469268,2,67,False
37.7265608381,-122.38442536443,BAYVIEW,Hunters Point,10.0,0,0,2024-10-01,379.6427127956929,2,56,False
37.7254725179,-122.38181188703,BAYVIEW,Hunters Point,10.0,0,0,2024-10-01,501.4374678495863,0,29,False
37.72615828878,-122.38102700561,BAYVIEW,Hunters Point,10.0,0,0,2024-10-01,476.3311005706701,3,25,False
37.72645396916,-122.38254245371,BAYVIEW,Hunters Point,10.0,0,0,2024-10-01,399.7010362200062,3,33,False
37.76953351215,-122.43866801262,PARK,Buena Vista,8.0,0,0,2024-10-01,86.99674120160799,9,466,False
37.7704934422,-122.42484625429,SOUTHERN,Mint Hill,8.0,0,1,2024-10-01,479.7187933840705,1,3956,False
37.7274168448,-122.38259643316,BAYVIEW,Hunters Point,10.0,0,0,2024-10-01,317.62488587305904,4,36,False
37.7106786345,-122.46552832425,TARAVAL,Merced Heights,7.0,0,0,2024-10-01,305.9873364589767,1,16,False
37.72794958995,-122.38181624562,BAYVIEW,Hunters Point,10.0,0,0,2024-10-01,306.3852289098987,5,33,False
37.7132726377,-122.47052762657,TARAVAL,Merced Heights,11.0,2,2,2024-10-01,369.5118539933337,5,9,False
37.72740411615,-122.37992931157,BAYVIEW,Hunters Point,10.0,0,0,2024-10-01,401.1911599713154,3,25,False
37.7682695764,-122.44355197996,PARK,Buena Vista,5.0,0,0,2024-10-01,373.03280664457236,5,285,False
37.74875961135,-122.41581910099,MISSION,Mission,9.0,0,1,2024-10-01,279.8720276589256,7,483,False
37.77046932484,-122.44295820594,PARK,Buena Vista,5.0,0,0,2024-10-01,212.79646642864898,6,411,False
37.72825799168,-122.37915180624,BAYVIEW,Hunters Point,10.0,0,0,2024-10-01,360.0050280900451,5,27,False
37.77293826574,-122.42115050554,SOUTHERN,South of Market,6.0,1,0,2024-10-01,392.0589215348155,2,5037,False
37.77267324812,-122.40052197129,SOUTHERN,Mission Bay,6.0,1,0,2024-10-01,194.96153968664348,1,701,False
37.77259983807,-122.42020368576,SOUTHERN,South of Market,6.0,0,0,2024-10-01,460.8704952910034,2,5156,False
37.773213088,-122.41982314736,SOUTHERN,South of Market,6.0,0,1,2024-10-01,471.856023740958,1,5315,False
37.77026392941,-122.44486223906,PARK,Haight Ashbury,5.0,0,0,2024-10-01,300.10123766446503,6,374,False
37.77015155799,-122.44614366442,PARK,Haight Ashbury,5.0,0,1,2024-10-01,222.14786867649767,6,357,False
37.77009060173,-122.44684707373,PARK,Haight Ashbury,5.0,0,1,2024-10-01,194.4501253332351,6,377,False
37.76958492782,-122.44977805763,PARK,Haight Ashbury,5.0,0,1,2024-10-01,117.6908544115109,13,324,False
37.77274851322,-122.4217858538,SOUTHERN,South of Market,6.0,0,1,2024-10-01,365.4653171622169,2,4851,False
37.76826904634,-122.44933012873,PARK,Cole Valley,8.0,0,0,2024-10-01,219.81391466902934,12,296,False
37.73140213111,-122.37355202436,BAYVIEW,India Basin,10.0,0,0,2024-10-01,224.47150755191288,3,6,False
37.77417562041,-122.41992574185,SOUTHERN,South of Market,6.0,6,1,2024-10-01,426.65208992247113,3,5337,False
37.78199665694,-122.41307149181,TENDERLOIN,Tenderloin,6.0,1,0,2024-10-01,162.63024569312984,14,5488,False
37.78464029669,-122.41107763478,TENDERLOIN,Tenderloin,5.0,1,0,2024-10-01,70.67622478895673,11,3747,False
37.77107808703,-122.45347782969,PARK,Panhandle,5.0,0,0,2024-10-01,115.48497666511044,26,219,False
37.78555159665,-122.41294219985,TENDERLOIN,Tenderloin,5.0,2,0,2024-10-01,58.35763272975055,13,3820,False
37.78441520525,-122.41270860637,TENDERLOIN,Tenderloin,5.0,6,0,2024-10-01,43.44664264284102,13,4326,False
37.77211909322,-122.41777997464,SOUTHERN,South of Market,6.0,0,2,2024-10-01,462.9121769059917,1,5077,False
37.78418182442,-122.41435157115,TENDERLOIN,Tenderloin,5.0,2,0,2024-10-01,112.65263844713803,14,4592,False
37.7851209697,-122.41455230526,TENDERLOIN,Tenderloin,5.0,2,0,2024-10-01,85.89751431028634,12,4317,False
37.77180795899,-122.41583336145,SOUTHERN,South of Market,6.0,0,2,2024-10-01,537.5675835737788,0,4971,False
37.7864671457,-122.41904327951,NORTHERN,Lower Nob Hill,3.0,6,0,2024-10-01,117.68162124777406,8,3296,False
37.78743988421,-122.41920560041,NORTHERN,Lower Nob Hill,3.0,1,0,2024-10-01,198.74842690095576,5,3170,False
37.76976529933,-122.40573912223,MISSION,Showplace Square,6.0,1,1,2024-10-01,461.8573486035218,1,1468,False
37.78553517393,-122.4187934055,TENDERLOIN,Tenderloin,6.0,1,0,2024-10-01,49.58034711285263,8,3410,False
37.78133746476,-122.42039683396,NORTHERN,Civic Center,6.0,1,0,2024-10-01,96.94102099450286,13,3199,False
37.78498201815,-122.41198559445,TENDERLOIN,Tenderloin,5.0,2,0,2024-10-01,60.20054392830257,10,3865,False
37.78454779762,-122.41523345399,TENDERLOIN,Tenderloin,6.0,1,0,2024-10-01,30.74303007676248,15,4559,False
37.73741744151,-122.39064607769,BAYVIEW,Bayview,10.0,0,0,2024-10-01,243.23456427451717,6,310,False
37.78415855456,-122.41850109245,TENDERLOIN,Tenderloin,6.0,1,0,2024-10-01,100.30309243908904,12,3648,False
37.76906072325,-122.40902967914,MISSION,Mission,10.0,1,1,2024-10-01,345.29032511994154,4,2451,False
37.76979297542,-122.41572104394,MISSION,South of Market,6.0,4,1,2024-10-01,435.0749876452926,2,4005,False
37.74018364145,-122.39024106413,BAYVIEW,Bayview,10.0,0,0,2024-10-01,329.79169044763785,7,272,False
37.741268829,-122.39006604999,BAYVIEW,Bayview,10.0,0,0,2024-10-01,261.95981542910937,5,229,False
37.74242611509,-122.38900925964,BAYVIEW,Bayview,10.0,0,0,2024-10-01,139.55252353779707,6,224,False
37.77030082974,-122.41975924084,MISSION,South of Market,6.0,1,1,2024-10-01,260.0504022353946,2,4809,False
37.7398813875,-122.38626033068,BAYVIEW,Bayview,10.0,1,0,2024-10-01,48.8851083814765,7,228,False
37.77270717043,-122.44805842638,PARK,Panhandle,5.0,0,0,2024-10-01,39.462068502557706,6,453,False
37.77685750034,-122.41431925446,TENDERLOIN,South of Market,6.0,0,1,2024-10-01,252.88419907676175,5,6180,False
37.73860024127,-122.38115508109,BAYVIEW,Bayview,10.0,0,0,2024-10-01,261.6625998362582,7,44,False
37.78020732853,-122.40984264761,SOUTHERN,South of Market,6.0,0,1,2024-10-01,284.3031372131791,10,6202,False
37.74224423811,-122.38346010447,BAYVIEW,India Basin,10.0,0,0,2024-10-01,311.1663761803253,8,140,False
37.78081124074,-122.40911744535,SOUTHERN,South of Market,6.0,0,1,2024-10-01,301.62238908760065,10,5392,False
37.78506816513,-122.39429958165,SOUTHERN,Rincon Hill,6.0,1,0,2024-10-01,133.94356588289708,1,674,False
37.77495952384,-122.43803568184,PARK,Panhandle,5.0,0,1,2024-10-01,307.1617512133081,6,486,False
37.77903791363,-122.41019804031,SOUTHERN,South of Market,6.0,0,1,2024-10-01,271.0107731041125,8,6542,False
37.77839264732,-122.41099365056,SOUTHERN,South of Market,6.0,0,1,2024-10-01,239.11283338286404,7,6645,False
37.74493522946,-122.38951016217,BAYVIEW,Central Waterfront,10.0,4,2,2024-10-01,267.8384202155979,3,193,False
37.77728309409,-122.41238638759,SOUTHERN,South of Market,6.0,0,1,2024-10-01,258.2734904660152,5,6580,False
37.74472605147,-122.38813452423,BAYVIEW,Central Waterfront,10.0,0,1,2024-10-01,183.52210820023876,4,194,False
37.8065888408,-122.40598965436,CENTRAL,Fishermans Wharf,3.0,0,1,2024-10-01,350.0898548751535,4,97,False
37.77645230951,-122.41341635585,SOUTHERN,South of Market,6.0,0,2,2024-10-01,325.17365438560955,5,6288,False
37.74567490354,-122.39178232849,BAYVIEW,Central Waterfront,10.0,0,0,2024-10-01,462.22073932280074,3,135,False
37.77276706447,-122.44096096605,PARK,Panhandle,5.0,0,1,2024-10-01,132.65732372945763,2,528,False
37.77307077419,-122.44103204459,PARK,Panhandle,5.0,0,1,2024-10-01,127.78770785464259,2,541,False
37.78064641745,-122.39959526807,SOUTHERN,South of Market,6.0,2,0,2024-10-01,221.5854568460725,1,1180,False
37.75349670327,-122.38606017083,BAYVIEW,Central Waterfront,10.0,0,0,2024-10-01,595.9904268369446,0,186,False
37.77935829222,-122.39843554795,SOUTHERN,South of Market,6.0,1,0,2024-10-01,361.19739435228195,1,1147,False
37.77897245977,-122.44468655437,PARK,Anza Vista,2.0,0,0,2024-10-01,468.8314828183673,1,515,False
37.75014619521,-122.38919634372,BAYVIEW,Central Waterfront,10.0,0,0,2024-10-01,392.06546780926635,1,212,False
37.77920565545,-122.40143023431,SOUTHERN,South of Market,6.0,1,0,2024-10-01,200.4027646638266,6,1755,False
37.74937634425,-122.39035539329,BAYVIEW,Central Waterfront,10.0,0,0,2024-10-01,422.92378658876555,1,180,False
37.77804496966,-122.40170918405,SOUTHERN,South of Market,6.0,0,0,2024-10-01,297.00546018111186,6,1843,False
37.74999243774,-122.39248339087,BAYVIEW,Central Waterfront,10.0,2,1,2024-10-01,611.156579471266,0,165,False
37.78082793504,-122.44924396276,PARK,Lone Mountain,1.0,0,0,2024-10-01,301.0838319441898,2,318,False
37.75090357865,-122.39256050438,BAYVIEW,Potrero Hill,10.0,0,0,2024-10-01,590.2826787918588,0,180,False
37.75267492959,-122.3908117041,BAYVIEW,Central Waterfront,10.0,0,0,2024-10-01,608.0157317701058,0,239,False
37.78043840039,-122.4527965486,PARK,Lone Mountain,2.0,0,0,2024-10-01,320.45494784099424,3,162,False
37.77980825088,-122.45381277055,PARK,Lone Mountain,1.0,0,0,2024-10-01,374.3466085064784,4,139,False
37.78506261235,-122.40039262252,SOUTHERN,South of Market,6.0,1,0,2024-10-01,349.5596814312311,1,990,False
37.80712710849,-122.4096981436,CENTRAL,Fishermans Wharf,3.0,0,1,2024-10-01,177.35198704104627,7,146,False
37.75484121135,-122.39753633738,BAYVIEW,Potrero Hill,10.0,0,0,2024-10-01,122.88546906912244,4,99,False
37.78429776748,-122.40453057769,SOUTHERN,South of Market,6.0,1,0,2024-10-01,285.2701304912137,3,1473,False
37.75993140575,-122.39919327199,BAYVIEW,Potrero Hill,10.0,0,0,2024-10-01,135.36865952537985,7,268,False
37.77969297905,-122.40729622543,SOUTHERN,South of Market,6.0,3,0,2024-10-01,115.64111490251418,7,4095,False
37.78060640402,-122.40718390793,SOUTHERN,South of Market,6.0,2,0,2024-10-01,176.01899372399353,7,4009,False
37.74033529822,-122.38643232733,BAYVIEW,Bayview,10.0,1,0,2024-10-01,87.04863522121207,7,228,False
37.77702295821,-122.3950775291,SOUTHERN,South of Market,6.0,0,0,2024-10-01,226.33811317114936,4,728,False
37.76110085779,-122.40019608289,BAYVIEW,Potrero Hill,10.0,0,0,2024-10-01,237.74901098345444,4,370,False
37.77690864592,-122.41174601018,SOUTHERN,South of Market,6.0,0,1,2024-10-01,307.07156868763474,6,6510,False
37.77858132536,-122.40963310003,SOUTHERN,South of Market,6.0,0,1,2024-10-01,289.5794964540338,6,6341,False
37.77993650715,-122.40793492645,SOUTHERN,South of Market,6.0,0,2,2024-10-01,172.5684148930197,7,4704,False
37.77854369579,-122.4078444019,SOUTHERN,South of Market,6.0,0,3,2024-10-01,133.78413944987813,6,4801,False
37.77736365452,-122.39628575742,SOUTHERN,South of Market,6.0,1,0,2024-10-01,329.9581176675418,2,835,False
37.77731833928,-122.41008069366,SOUTHERN,South of Market,6.0,0,2,2024-10-01,317.54002410807607,6,6273,False
37.74660624608,-122.39476360381,BAYVIEW,Central Waterfront,10.0,0,1,2024-10-01,390.1633718304328,1,95,False
37.77485060469,-122.39619523287,SOUTHERN,Mission Bay,6.0,5,0,2024-10-01,266.7547298294432,3,609,False
37.74659696718,-122.39937063307,BAYVIEW,Produce Market,10.0,0,0,2024-10-01,220.3223404243664,1,323,False
37.74546572764,-122.4014121294,BAYVIEW,Produce Market,10.0,0,2,2024-10-01,275.53072938484996,1,578,False
37.76410657218,-122.39194393158,BAYVIEW,Dogpatch,6.0,1,0,2024-10-01,78.06908440644445,5,228,False
37.74025390205,-122.46235828847,TARAVAL,Laguna Honda,7.0,0,1,2024-10-01,279.782560731916,4,40,False
37.77598775508,-122.40903563797,SOUTHERN,South of Market,6.0,0,1,2024-10-01,256.30229756850997,5,5066,False
37.77618412442,-122.40872651339,SOUTHERN,South of Market,6.0,0,0,2024-10-01,224.26723401153973,5,4951,False
37.77029891293,-122.39895422012,SOUTHERN,Mission Bay,6.0,1,0,2024-10-01,94.66293859568233,1,520,False
37.78026271165,-122.4797668308,RICHMOND,Outer Richmond,1.0,0,1,2024-10-01,184.3322384966254,4,198,False
37.77732734933,-122.40735791624,SOUTHERN,South of Market,6.0,0,1,2024-10-01,78.69123774821956,5,4450,False
37.77569215794,-122.39459868527,SOUTHERN,Mission Bay,6.0,1,0,2024-10-01,134.73213190609428,4,625,False
37.77242254058,-122.49014195055,RICHMOND,Outer Richmond,1.0,0,0,2024-10-01,198.91027957516891,6,15,False
37.76342847406,-122.4193670367,MISSION,Mission,9.0,0,1,2024-10-01,100.71829857173282,9,2264,False
37.77544863438,-122.3965894721,SOUTHERN,Mission Bay,6.0,0,0,2024-10-01,306.4838547632125,3,679,False
37.7652945718,-122.4138063086,MISSION,Mission,9.0,0,1,2024-10-01,129.5046160560832,7,2764,False
37.79072990533,-122.41979531944,NORTHERN,Polk Gulch,3.0,0,1,2024-10-01,356.398234086475,5,2083,False
37.74741880835,-122.39509854466,BAYVIEW,Central Waterfront,10.0,0,0,2024-10-01,410.4555965563936,1,85,False
37.76410441358,-122.41224134924,MISSION,Mission,9.0,0,0,2024-10-01,133.16849196179484,7,2338,False
37.78909697976,-122.4208631739,NORTHERN,Lower Nob Hill,3.0,0,1,2024-10-01,398.2590833806256,2,2292,False
37.77081677309,-122.40900278091,SOUTHERN,Showplace Square,6.0,1,1,2024-10-01,497.41955269944145,1,2814,False
37.78813543652,-122.42079075426,NORTHERN,Lower Nob Hill,3.0,0,1,2024-10-01,328.52098695728625,2,2664,False
37.77146184051,-122.50887013972,RICHMOND,Outer Richmond,1.0,0,0,2024-10-01,197.213294573392,11,55,False
37.78839086008,-122.4188830331,NORTHERN,Lower Nob Hill,3.0,5,0,2024-10-01,269.38312711892576,5,2923,False
37.77261706426,-122.40667797625,SOUTHERN,Showplace Square,6.0,0,1,2024-10-01,368.0285286902569,4,2817,False
37.76719236799,-122.40518829011,MISSION,Showplace Square,6.0,0,0,2024-10-01,327.5138135871669,3,1297,False
37.76716491675,-122.40615660903,MISSION,Showplace Square,6.0,0,0,2024-10-01,258.26929611735636,3,1514,False
37.78162499286,-122.39241124918,SOUTHERN,South Beach,6.0,1,0,2024-10-01,428.3242791765383,3,701,False
37.77601372568,-122.51136157662,RICHMOND,Sutro Heights,1.0,0,0,2024-10-01,574.1606236259461,0,45,False
37.76780590594,-122.40765211858,MISSION,Showplace Square,10.0,0,0,2024-10-01,237.5067931598335,4,1902,False
37.78587818516,-122.41967529058,NORTHERN,Tenderloin,5.0,1,0,2024-10-01,132.43283285168553,8,3334,False
37.76824258399,-122.4093348623,MISSION,Mission,9.0,0,0,2024-10-01,282.053520980626,4,2538,False
37.76710634395,-122.41369045091,MISSION,Mission,9.0,0,0,2024-10-01,174.8773014611433,6,2913,False
37.71865291555,-122.46359914541,TARAVAL,Ingleside,11.0,0,1,2024-10-01,447.50070869347445,1,15,False
37.77629357161,-122.42055907845,NORTHERN,Civic Center,5.0,0,1,2024-10-01,343.12668517985753,6,5224,False
37.77644939446,-122.4224755168,NORTHERN,Civic Center,5.0,0,1,2024-10-01,179.13564350856737,7,4516,False
37.78107728914,-122.42227066308,NORTHERN,Cathedral Hill,2.0,0,1,2024-10-01,254.76520251663703,11,2784,False
37.76583541239,-122.41533330552,MISSION,Mission,9.0,0,0,2024-10-01,164.18465840120476,6,3148,False
37.78116712,-122.42319099605,NORTHERN,Cathedral Hill,5.0,1,0,2024-10-01,175.92595966139234,8,2428,False
37.77639321347,-122.42342535406,NORTHERN,Hayes Valley,5.0,0,1,2024-10-01,98.4137175983472,9,4337,False
37.73965681732,-122.50660903752,TARAVAL,Outer Sunset,4.0,0,0,2024-10-01,160.68752909292502,1,30,False
37.74065001156,-122.50682428479,TARAVAL,Outer Sunset,4.0,0,0,2024-10-01,71.73552055073135,1,35,False
37.74190646538,-122.50693660229,TARAVAL,Outer Sunset,4.0,0,0,2024-10-01,43.93730813722678,1,23,False
37.74448161206,-122.50729333609,TARAVAL,Outer Sunset,4.0,0,0,2024-10-01,268.70724095433957,1,24,False
37.74726212901,-122.50718638301,TARAVAL,Outer Sunset,4.0,0,0,2024-10-01,512.108996158445,0,26,False
37.75138128028,-122.50822808594,TARAVAL,Outer Sunset,4.0,0,0,2024-10-01,786.5670303228092,0,22,False
37.75493929163,-122.50869713724,TARAVAL,Outer Sunset,4.0,0,0,2024-10-01,471.76866606634644,2,46,False
37.75755878204,-122.50900626183,TARAVAL,Outer Sunset,4.0,0,0,2024-10-01,240.79048180335377,2,71,False
37.75960087051,-122.50936098397,TARAVAL,Outer Sunset,4.0,0,0,2024-10-01,59.346734593193254,2,84,False
37.76200125965,-122.50959668308,TARAVAL,Outer Sunset,4.0,0,0,2024-10-01,153.38470477445043,11,81,False
37.76379540424,-122.50944580883,TARAVAL,Outer Sunset,4.0,0,0,2024-10-01,220.1710050707606,13,79,False
37.76011535977,-122.50918328762,TARAVAL,Outer Sunset,4.0,0,0,2024-10-01,17.016341943214627,2,84,False
37.78031438485,-122.43032835424,NORTHERN,Western Addition,5.0,0,0,2024-10-01,307.3359174595453,13,610,False
37.78434133881,-122.43093654513,NORTHERN,Japantown,5.0,0,1,2024-10-01,216.16567701233583,10,587,False
37.78470197063,-122.43193566799,NORTHERN,Japantown,5.0,0,1,2024-10-01,152.86645475625804,8,591,False
37.78467282337,-122.43668686599,NORTHERN,Lower Pacific Heights,5.0,0,1,2024-10-01,85.57299812352535,8,536,False
37.78447462175,-122.4383662641,NORTHERN,Lower Pacific Heights,5.0,0,0,2024-10-01,83.04876687310659,7,486,False
37.76059538748,-122.50591736287,TARAVAL,Outer Sunset,4.0,0,1,2024-10-01,285.7899009599627,4,90,False
37.76316723329,-122.50611752272,TARAVAL,Outer Sunset,4.0,0,0,2024-10-01,153.67987714528024,12,85,False
37.7641900625,-122.506127581,TARAVAL,Golden Gate Park,4.0,0,0,2024-10-01,103.8382643452263,14,79,False
37.76459346521,-122.49769806862,TARAVAL,Golden Gate Park,4.0,0,0,2024-10-01,317.64998316257646,4,35,False
37.76013126355,-122.49626241624,TARAVAL,Outer Sunset,4.0,0,0,2024-10-01,658.5297241820135,0,46,False
37.80497401421,-122.43429366499,NORTHERN,Marina,2.0,1,0,2024-10-01,134.10531734362795,4,237,False
37.80506408093,-122.43333511055,NORTHERN,Marina,2.0,0,0,2024-10-01,163.01669508833496,4,251,False
37.80572288913,-122.42555100471,CENTRAL,Aquatic Park / Ft. Mason,2.0,0,0,2024-10-01,418.6673891047688,2,173,False
37.78503663325,-122.42842365056,NORTHERN,Japantown,5.0,0,1,2024-10-01,358.5990049796594,7,778,False
37.74985432084,-122.49254889786,TARAVAL,Outer Sunset,4.0,0,0,2024-10-01,469.07816545401494,1,25,False
37.74840341509,-122.48519159853,TARAVAL,Outer Sunset,4.0,0,0,2024-10-01,568.3859490717061,0,16,False
37.74789255588,-122.50722594559,TARAVAL,Outer Sunset,4.0,0,0,2024-10-01,567.4839289604707,0,28,False
37.75317806823,-122.49998498708,TARAVAL,Outer Sunset,4.0,0,1,2024-10-01,238.02880947384466,2,25,False
37.75293657272,-122.50518746674,TARAVAL,Outer Sunset,4.0,0,1,2024-10-01,630.3760129808144,0,32,False
37.74572421488,-122.50290255994,TARAVAL,Outer Sunset,4.0,0,0,2024-10-01,509.00446878482916,0,28,False
37.75067228728,-122.41710738754,MISSION,Mission,9.0,0,1,2024-10-01,171.6335936735668,9,594,False
37.75479773789,-122.50590529293,TARAVAL,Outer Sunset,4.0,0,0,2024-10-01,561.6152268583669,0,45,False
37.7484540313,-122.41756731592,MISSION,Mission,9.0,0,0,2024-10-01,338.3138209651776,7,542,False
37.74991467858,-122.41434938851,MISSION,Mission,9.0,0,1,2024-10-01,165.5499358629923,8,462,False
37.74917107328,-122.40481276126,MISSION,Potrero Hill,10.0,2,2,2024-10-01,94.63926977948887,2,1104,False
37.76061810718,-122.40839991606,MISSION,Mission,9.0,0,1,2024-10-01,328.80414244683465,9,1192,False
37.76850988582,-122.40644778051,MISSION,Showplace Square,6.0,0,1,2024-10-01,335.3662147543456,3,1658,False
37.76997056985,-122.40697657192,SOUTHERN,Showplace Square,6.0,2,0,2024-10-01,436.3557512334458,2,1842,False
37.76807581839,-122.41299573022,MISSION,Mission,6.0,1,0,2024-10-01,222.70689372600305,6,3023,False
37.7681629756,-122.41242906351,MISSION,Mission,9.0,0,2,2024-10-01,223.45958901315848,6,2994,False
37.76977526451,-122.42101265194,MISSION,Mission,9.0,1,0,2024-10-01,229.4060546084528,3,4439,False
37.76943282077,-122.41570949389,MISSION,Mission,9.0,1,0,2024-10-01,421.31901657951846,4,3860,False
37.76454898865,-122.41515140601,MISSION,Mission,9.0,0,1,2024-10-01,74.90914117994775,8,2693,False
37.76120516446,-122.41499475942,MISSION,Mission,9.0,1,2,2024-10-01,232.69997335162162,10,1982,False
37.75006772592,-122.48720057309,TARAVAL,Outer Sunset,4.0,0,0,2024-10-01,594.801936577682,0,24,False
37.76210823199,-122.41017118549,MISSION,Mission,9.0,0,0,2024-10-01,227.53251299761928,9,1623,False
37.76306515706,-122.40933013036,MISSION,Mission,9.0,0,0,2024-10-01,136.16092856309666,5,1672,False
37.76410873912,-122.41030820728,MISSION,Mission,9.0,0,0,2024-10-01,84.47825226850006,7,2090,False
37.76619811521,-122.41053955113,MISSION,Mission,9.0,0,0,2024-10-01,167.2973437993169,5,2584,False
37.76753185635,-122.41064797652,MISSION,Mission,9.0,0,0,2024-10-01,225.72731827169596,4,2826,False
37.76782515357,-122.40673937056,MISSION,Showplace Square,6.0,0,0,2024-10-01,270.5934494139728,3,1669,False
37.76652244434,-122.40569963949,MISSION,Showplace Square,6.0,0,0,2024-10-01,259.34563406493726,3,1333,False
37.76661815081,-122.40469838909,SOUTHERN,Showplace Square,6.0,0,0,2024-10-01,343.02889456510167,3,1165,False
37.76773742412,-122.40478270435,SOUTHERN,Showplace Square,6.0,0,0,2024-10-01,383.8096520595757,3,1326,False
37.76899768173,-122.41354290961,MISSION,Mission,9.0,0,0,2024-10-01,314.0914038304651,3,3356,False
37.76062005056,-122.41386151388,MISSION,Mission,9.0,0,0,2024-10-01,153.8356044194858,10,1739,False
37.76295644214,-122.41378960279,MISSION,Mission,9.0,0,0,2024-10-01,171.64404106088165,11,2261,False
37.71289229567,-122.45076980442,INGLESIDE,Outer Mission,11.0,0,0,2024-10-01,148.6036111235081,5,28,False
37.71028209942,-122.44868941605,INGLESIDE,Outer Mission,11.0,0,1,2024-10-01,155.3729605970193,5,18,False
37.74728413307,-122.50739458948,TARAVAL,Outer Sunset,4.0,0,0,2025-09-01,514.6959544146886,0,28,False
37.78082104533,-122.40783233196,SOUTHERN,South of Market,6.0,2,0,2025-09-01,221.40869642203165,9,4273,False
37.74432943354,-122.50732250512,TARAVAL,Outer Sunset,4.0,0,0,2025-09-01,255.5893805875408,1,24,False
37.74246455842,-122.5070713833,TARAVAL,Outer Sunset,4.0,0,0,2025-09-01,91.07422963280604,1,21,False
37.73864531509,-122.50661976635,TARAVAL,Outer Sunset,4.0,0,0,2025-09-01,247.35553822937035,1,27,False
37.7367731378,-122.50631667674,TARAVAL,Parkside,4.0,0,0,2025-09-01,413.7638085161212,1,25,False
37.73616462358,-122.50435564667,TARAVAL,Parkside,4.0,0,1,2025-09-01,519.9059427182293,0,21,False
37.77884870676,-122.39897232503,SOUTHERN,South of Market,6.0,1,0,2025-09-01,348.3909836387491,1,1192,False
37.73690332472,-122.49356981367,TARAVAL,Parkside,4.0,0,0,2025-09-01,426.4584808255533,2,49,False
37.73224508887,-122.49432787299,TARAVAL,Lakeshore,7.0,0,0,2025-09-01,297.8216879615479,1,25,False
37.72853748794,-122.49279532582,TARAVAL,Lakeshore,7.0,0,0,2025-09-01,88.97411223476514,2,10,False
37.7722470978,-122.44068872184,PARK,Buena Vista,5.0,0,0,2025-09-01,164.93614074072863,2,518,False
37.71924990446,-122.48486135155,TARAVAL,Parkmerced,7.0,0,0,2025-09-01,719.1149784970602,0,2,False
37.77030050309,-122.44477406144,PARK,Haight Ashbury,5.0,0,0,2025-09-01,301.14710770939683,6,381,False
37.76993026001,-122.44765743613,PARK,Haight Ashbury,5.0,0,2,2025-09-01,192.38141919047533,5,363,False
37.70878585666,-122.4870332703,TARAVAL,Lakeshore,7.0,0,0,2025-09-01,381.296027607306,1,0,False
37.77207960522,-122.45397370309,PARK,Panhandle,1.0,0,1,2025-09-01,76.27627980882825,20,191,False
37.73041438136,-122.50197988003,TARAVAL,Lakeshore,7.0,0,0,2025-09-01,434.48695332858495,2,4,False
37.76888683772,-122.47862722725,RICHMOND,Golden Gate Park,4.0,0,1,2025-09-01,197.79331152451894,5,33,False
37.74700449624,-122.39854109145,BAYVIEW,Produce Market,10.0,0,0,2025-09-01,243.18350916028217,1,239,False
37.7759930552,-122.40565236658,SOUTHERN,South of Market,6.0,1,0,2025-09-01,74.80152201959469,5,3245,False
37.74371818768,-122.39932650075,BAYVIEW,Produce Market,10.0,0,0,2025-09-01,83.65711240675377,1,417,False
37.74263575555,-122.40009202667,BAYVIEW,Produce Market,10.0,0,1,2025-09-01,196.39299280185506,1,532,False
37.77832692788,-122.40201294422,SOUTHERN,South of Market,6.0,3,0,2025-09-01,271.1690690418118,6,1960,False
37.76326397727,-122.4352709949,PARK,Corona Heights,8.0,0,1,2025-09-01,59.36332089284957,9,1403,False
37.74141380759,-122.40253328074,BAYVIEW,Apparel City,10.0,0,0,2025-09-01,430.04881840964964,1,637,False
37.73894925801,-122.40388881314,BAYVIEW,Apparel City,10.0,0,0,2025-09-01,563.8714327595427,0,473,False
37.78439857366,-122.4200950563,NORTHERN,Tenderloin,6.0,1,0,2025-09-01,183.80913889841082,9,3303,False
37.7855702885,-122.41865169257,TENDERLOIN,Tenderloin,6.0,0,2,2025-09-01,38.89063364789041,8,3432,False
37.78644363058,-122.41929743439,NORTHERN,Lower Nob Hill,6.0,1,0,2025-09-01,130.65732189076107,8,3304,False
37.78721760017,-122.42062948644,NORTHERN,Lower Nob Hill,3.0,1,0,2025-09-01,263.54729542837515,5,2941,False
37.78840410817,-122.41882033646,NORTHERN,Lower Nob Hill,3.0,0,1,2025-09-01,269.44138295590056,5,2908,False
37.73144225226,-122.39141085649,BAYVIEW,Bayview,10.0,0,0,2025-09-01,95.79803974571767,3,169,False
37.74534944268,-122.39280702656,BAYVIEW,Produce Market,10.0,0,0,2025-09-01,511.0989260330005,0,118,False
37.7283733563,-122.38465009123,BAYVIEW,Hunters Point,10.0,0,0,2025-09-01,229.48055732317943,5,51,False
37.74536417859,-122.3909966327,BAYVIEW,Central Waterfront,10.0,0,0,2025-09-01,390.3165746174883,3,143,False
37.77007284489,-122.41900775582,MISSION,South of Market,6.0,1,0,2025-09-01,255.3778803270318,2,4841,False
37.7454572873,-122.38958281345,BAYVIEW,Central Waterfront,10.0,0,0,2025-09-01,305.0262390000895,3,164,False
37.74491858121,-122.38842577052,BAYVIEW,Central Waterfront,10.0,0,0,2025-09-01,209.7278585689237,3,195,False
37.7729843787,-122.42119677365,SOUTHERN,South of Market,6.0,1,0,2025-09-01,386.33317206950386,1,5040,False
37.7150463659,-122.38894977404,BAYVIEW,Bret Harte,10.0,0,0,2025-09-01,162.56663719767437,3,25,False
37.73115706817,-122.41910718153,BAYVIEW,University Mound,9.0,0,0,2025-09-01,231.9662405741674,2,37,False
37.775,-122.4183,TENDERLOIN,South of Market,6.0,0,0,2025-09-01,348.86479417249865,4,5732,False
37.73548728974,-122.38336883307,BAYVIEW,Bayview,10.0,0,0,2025-09-01,195.3515757721707,10,100,False
37.78230523317,-122.42170907557,NORTHERN,Cathedral Hill,2.0,1,1,2025-09-01,238.13039490430822,12,2628,False
37.73785025919,-122.3929121045,BAYVIEW,Bayview,10.0,0,1,2025-09-01,350.5048981787397,3,221,False
37.73310288598,-122.47792314738,TARAVAL,Merced Manor,7.0,0,0,2025-09-01,234.98744640074077,4,29,False
37.73249172206,-122.37984490592,BAYVIEW,Bayview,10.0,0,0,2025-09-01,138.84254407158687,8,15,False
37.73370320547,-122.47934572399,TARAVAL,Merced Manor,4.0,0,0,2025-09-01,170.89152958968293,5,20,False
37.7383887824,-122.39049752621,BAYVIEW,Bayview,10.0,0,0,2025-09-01,328.23500199842744,7,312,False
37.72561359734,-122.47516818345,TARAVAL,Stonestown,7.0,0,0,2025-09-01,104.2328715105545,2,19,False
37.72755464825,-122.37141514208,BAYVIEW,Hunters Point,10.0,0,0,2025-09-01,308.98892378173804,2,6,False
37.73616067032,-122.39201178316,BAYVIEW,Bayview,10.0,0,0,2025-09-01,186.16516004671487,3,221,False
37.77711852793,-122.41462804377,TENDERLOIN,South of Market,6.0,1,0,2025-09-01,218.07113778404747,6,6127,False
37.73230601425,-122.4129711,BAYVIEW,Portola,9.0,0,0,2025-09-01,372.5858200076916,6,46,False
37.73691256828,-122.39272057564,BAYVIEW,Bayview,10.0,0,0,2025-09-01,276.8173080829665,3,245,False
37.72997707077,-122.3690334243,BAYVIEW,Hunters Point,10.0,0,0,2025-09-01,237.70778534886705,2,5,False
37.73100037193,-122.37388445076,BAYVIEW,India Basin,10.0,0,0,2025-09-01,212.5520744536641,3,6,False
37.73758813113,-122.39233694313,BAYVIEW,Bayview,10.0,0,0,2025-09-01,303.0766152076269,3,275,False
37.73450681427,-122.4074629,BAYVIEW,Portola,9.0,0,0,2025-09-01,425.29973021937474,4,155,False
37.71461204143,-122.47016184032,TARAVAL,Merced Heights,11.0,0,0,2025-09-01,252.52905987762304,5,8,False
37.71551963947,-122.47074153274,TARAVAL,Merced Heights,11.0,0,0,2025-09-01,174.9715338230749,5,6,False
37.71610286214,-122.4717181921,TARAVAL,Merced Heights,11.0,0,0,2025-09-01,168.32517987742074,4,6,False
37.73435889004,-122.3763167969,BAYVIEW,India Basin,10.0,0,0,2025-09-01,82.85358302621202,5,11,False
37.71430490901,-122.46484939009,TARAVAL,Merced Heights,11.0,0,0,2025-09-01,99.48483685912515,1,19,False
37.73097161424,-122.4127578,BAYVIEW,Portola,9.0,0,0,2025-09-01,277.62242741799656,6,42,False
37.73738562161,-122.39042978188,BAYVIEW,Bayview,10.0,0,0,2025-09-01,240.34884569950884,6,305,False
37.73362057912,-122.38055834695,BAYVIEW,Bayview,10.0,0,0,2025-09-01,172.8296952880194,9,16,False
37.71320447334,-122.45736770332,TARAVAL,Oceanview,11.0,0,0,2025-09-01,161.3485021917453,7,26,False
37.72224023329,-122.3884982637,BAYVIEW,Hunters Point,10.0,0,1,2025-09-01,444.41480997304103,5,65,False
37.71170059772,-122.45605643839,TARAVAL,Oceanview,11.0,0,1,2025-09-01,274.27181452737295,7,21,False
37.72368417844,-122.39108040671,BAYVIEW,Bayview,10.0,0,0,2025-09-01,237.68284557447234,4,76,False
37.71148045111,-122.45638601482,TARAVAL,Oceanview,11.0,0,0,2025-09-01,262.8764918493623,7,20,False
37.72490044002,-122.39315573559,BAYVIEW,Bayview,10.0,0,0,2025-09-01,47.454824466452486,3,83,False
37.72446347881,-122.39070697813,BAYVIEW,Bayview,10.0,0,0,2025-09-01,225.70997227946495,3,84,False
37.71028979142,-122.45694994926,INGLESIDE,Outer Mission,11.0,0,1,2025-09-01,195.91679144289998,4,20,False
37.7269485142,-122.4155872,BAYVIEW,University Mound,9.0,0,0,2025-09-01,409.63121527094955,4,18,False
37.72535883929,-122.39229036989,BAYVIEW,Bayview,10.0,0,0,2025-09-01,67.56637393206165,3,91,False
37.72662496386,-122.38974506765,BAYVIEW,Bayview,10.0,0,0,2025-09-01,303.23260139785793,3,94,False
37.72697092675,-122.3868211922,BAYVIEW,Bayview,10.0,0,0,2025-09-01,431.86840632864795,2,72,False
37.73002882589,-122.38246407323,BAYVIEW,Hunters Point,10.0,0,0,2025-09-01,134.31141296788076,5,37,False
37.7112746267,-122.45397303253,INGLESIDE,Outer Mission,11.0,0,0,2025-09-01,265.6006164281955,5,26,False
37.73860783511,-122.39913256547,BAYVIEW,Silver Terrace,10.0,0,0,2025-09-01,496.4478302025873,1,237,False
37.72628992415,-122.38404314933,BAYVIEW,Hunters Point,10.0,0,0,2025-09-01,399.811555226426,2,52,False
37.72836441582,-122.37953203213,BAYVIEW,Hunters Point,10.0,0,0,2025-09-01,335.71417777085975,6,28,False
37.7255664844,-122.38279255914,BAYVIEW,Hunters Point,10.0,0,0,2025-09-01,470.6062214439122,2,33,False
37.72533872132,-122.38097740135,BAYVIEW,Hunters Point,10.0,0,0,2025-09-01,541.5229290037007,0,25,False
37.7264744042,-122.38103014395,BAYVIEW,Hunters Point,10.0,0,0,2025-09-01,452.4885205673205,3,25,False
37.72964111423,-122.4141657,BAYVIEW,Portola,9.0,0,0,2025-09-01,348.1287388374881,6,38,False
37.72784687218,-122.38046347671,BAYVIEW,Hunters Point,10.0,0,0,2025-09-01,352.0041106669635,4,27,False
37.7105420357,-122.44810268283,INGLESIDE,Outer Mission,11.0,0,1,2025-09-01,123.64205884659515,5,19,False
37.72802831421,-122.4127606,BAYVIEW,Portola,9.0,0,0,2025-09-01,238.5773949897609,6,30,False
37.71937375717,-122.44875513017,TARAVAL,Oceanview,11.0,0,0,2025-09-01,451.7379240558978,2,62,False
37.77588069249,-122.39518705755,SOUTHERN,Mission Bay,6.0,1,0,2025-09-01,188.75558500874425,4,679,False
37.73287301425,-122.409475,BAYVIEW,Portola,9.0,0,0,2025-09-01,307.84419406162635,6,75,False
37.72796017869,-122.38028413215,BAYVIEW,Hunters Point,10.0,0,0,2025-09-01,345.8125233239009,4,27,False
37.72004102006,-122.46140778065,TARAVAL,Ingleside,11.0,0,0,2025-09-01,426.44764575369686,3,29,False
37.78447011716,-122.43340384215,NORTHERN,Lower Pacific Heights,5.0,1,0,2025-09-01,155.74996992869714,8,553,False
37.73389231426,-122.4079612,BAYVIEW,Portola,9.0,0,0,2025-09-01,424.38037433058656,7,111,False
37.72683507506,-122.38049550111,BAYVIEW,Hunters Point,10.0,0,0,2025-09-01,438.9392482638358,3,25,False
37.79361227667,-122.40788731724,CENTRAL,Nob Hill,3.0,0,1,2025-09-01,72.39128059573287,16,1071,False
37.72638796982,-122.38251796265,BAYVIEW,Hunters Point,10.0,0,0,2025-09-01,405.85799888561036,3,33,False
37.72952111037,-122.38327005275,BAYVIEW,Hunters Point,10.0,0,0,2025-09-01,123.88648068867094,5,40,False
37.7266824698,-122.38340913267,BAYVIEW,Hunters Point,10.0,0,0,2025-09-01,366.1148817671657,3,39,False
37.73063668511,-122.38498594623,BAYVIEW,Bayview,10.0,0,0,2025-09-01,107.5259049885959,5,85,False
37.73118457844,-122.38602369481,BAYVIEW,Bayview,10.0,0,0,2025-09-01,199.42996342577757,8,121,False
37.74810380212,-122.39090224836,BAYVIEW,Central Waterfront,10.0,3,1,2025-09-01,418.5690502821207,1,159,False
37.72691029417,-122.38601963991,BAYVIEW,Bayview,10.0,0,0,2025-09-01,396.8977904480017,2,62,False
37.7322596402,-122.38792357102,BAYVIEW,Bayview,10.0,0,0,2025-09-01,253.11399866907286,7,160,False
37.71877093462,-122.44812380522,INGLESIDE,Cayuga,11.0,2,0,2025-09-01,416.8359583817131,2,59,False
37.73339664225,-122.38985882715,BAYVIEW,Bayview,10.0,0,0,2025-09-01,117.91287467618005,3,181,False
37.73354918084,-122.403702522,BAYVIEW,Silver Terrace,10.0,0,0,2025-09-01,104.12016946759584,2,106,False
37.7338718347,-122.39078315618,BAYVIEW,Bayview,10.0,0,0,2025-09-01,71.79885322756468,3,190,False
37.7234957517,-122.38904719886,BAYVIEW,Bayview,10.0,2,0,2025-09-01,393.92543604597654,3,73,False
37.73415388005,-122.38963135351,BAYVIEW,Bayview,10.0,0,0,2025-09-01,48.54311303859261,3,182,False
37.73255316238,-122.38680069438,BAYVIEW,Bayview,10.0,0,0,2025-09-01,282.85668559928536,8,139,False
37.72154004946,-122.38899838594,BAYVIEW,Bret Harte,10.0,0,0,2025-09-01,382.7161165357555,5,65,False
37.72222955155,-122.39179066882,BAYVIEW,Bret Harte,10.0,0,0,2025-09-01,301.6117944075918,4,65,False
37.73398917688,-122.38751267759,BAYVIEW,Bayview,10.0,0,0,2025-09-01,183.36794919125413,11,156,False
37.7234304524,-122.39193712989,BAYVIEW,Bret Harte,10.0,0,0,2025-09-01,210.26703747356322,4,74,False
37.72481482257,-122.39067132247,BAYVIEW,Bayview,10.0,0,0,2025-09-01,217.3531750608465,3,92,False
37.73517870207,-122.3896756548,BAYVIEW,Bayview,10.0,0,0,2025-09-01,46.36738496807628,5,231,False
37.73517870207,-122.3896756548,BAYVIEW,Bayview,10.0,0,0,2025-09-01,46.36738496807628,5,231,False
37.73138718116,-122.40097756429,BAYVIEW,Silver Terrace,10.0,0,0,2025-09-01,159.32480121821553,2,66,False
37.72770321421,-122.4191007,BAYVIEW,University Mound,11.0,0,0,2025-09-01,419.53202898518293,4,21,False
37.74771285184,-122.38966840405,BAYVIEW,Central Waterfront,10.0,0,1,2025-09-01,305.011816040257,3,141,False
37.73591760345,-122.38937895021,BAYVIEW,Bayview,10.0,0,0,2025-09-01,108.37998802809842,7,276,False
37.73544559178,-122.38839903697,BAYVIEW,Bayview,10.0,0,0,2025-09-01,116.0739039880942,9,269,False
37.72842823526,-122.45144102722,INGLESIDE,Sunnyside,7.0,0,0,2025-09-01,553.0764360136245,0,37,False
37.73699472186,-122.38967213737,BAYVIEW,Bayview,10.0,0,0,2025-09-01,203.18818162656387,8,288,False
37.72209531416,-122.416289,BAYVIEW,University Mound,9.0,0,0,2025-09-01,116.92556846772003,10,4,False
37.73371635668,-122.38564286614,BAYVIEW,Bayview,10.0,0,0,2025-09-01,178.14525941111222,12,131,False
37.73331569529,-122.39886998168,BAYVIEW,Silver Terrace,10.0,0,0,2025-09-01,317.47623497625193,2,59,False
37.7263377655,-122.39220016849,BAYVIEW,Bayview,10.0,0,0,2025-09-01,99.9165501966384,3,97,False
37.7281238119,-122.44386076927,INGLESIDE,Mission Terrace,7.0,0,0,2025-09-01,160.86037584695848,7,27,False
37.72923993638,-122.4427396059,INGLESIDE,Sunnyside,7.0,0,0,2025-09-01,252.93692925910486,7,28,False
37.73743790132,-122.38398626771,BAYVIEW,Bayview,10.0,0,0,2025-09-01,49.10430893577196,7,185,False
37.74807135089,-122.39004851258,BAYVIEW,Central Waterfront,10.0,0,0,2025-09-01,346.62679096324257,1,152,False
37.72955496206,-122.44141962379,INGLESIDE,Mission Terrace,7.0,0,0,2025-09-01,217.44243318218892,6,28,False
37.73861210249,-122.38583468669,BAYVIEW,Bayview,10.0,0,0,2025-09-01,53.28075670044239,8,225,False
37.74911283068,-122.39037425638,BAYVIEW,Central Waterfront,10.0,0,0,2025-09-01,412.00666680391026,1,174,False
37.73970441019,-122.38774680782,BAYVIEW,Bayview,10.0,0,0,2025-09-01,171.63312958343863,8,263,False
37.72287031417,-122.416087,BAYVIEW,University Mound,9.0,0,0,2025-09-01,155.01552660893958,10,7,False
37.72995288826,-122.3979729323,BAYVIEW,Bayview,10.0,0,0,2025-09-01,448.8219184951717,2,61,False
37.74200658948,-122.38680277636,BAYVIEW,Bayview,10.0,0,0,2025-09-01,82.11092446073499,8,206,False
37.74098723828,-122.38503708746,BAYVIEW,Bayview,10.0,0,0,2025-09-01,140.6309158456364,7,169,False
37.74994619492,-122.39034901028,BAYVIEW,Central Waterfront,10.0,0,0,2025-09-01,452.0681640908614,1,209,False
37.72635690982,-122.39751719113,,Bayview,,0,2,2025-09-01,372.645395759296,3,66,False
37.7260575142,-122.4163045,BAYVIEW,University Mound,9.0,0,0,2025-09-01,336.8303072487805,6,17,False
37.74013013807,-122.38546967114,BAYVIEW,Bayview,10.0,0,0,2025-09-01,56.45738152841103,7,192,False
37.72698799817,-122.40020583143,BAYVIEW,Bayview,10.0,0,0,2025-09-01,521.9100418465704,0,58,False
37.75232586632,-122.38676389556,BAYVIEW,Central Waterfront,10.0,0,0,2025-09-01,494.1536591020305,1,178,False
37.73288960598,-122.394419705,BAYVIEW,Silver Terrace,10.0,0,0,2025-09-01,294.64112476582125,3,136,False
37.72802891421,-122.4127602,BAYVIEW,Portola,9.0,0,0,2025-09-01,238.52505065172596,6,30,False
37.75419374856,-122.38668962295,BAYVIEW,Central Waterfront,10.0,0,0,2025-09-01,568.8741950021924,0,206,False
37.75780828344,-122.39237161898,BAYVIEW,Potrero Hill,10.0,1,1,2025-09-01,277.59331551045,5,229,False
37.75010614353,-122.39197980078,BAYVIEW,Potrero Hill,10.0,2,1,2025-09-01,577.6459770938671,0,185,False
37.74657610947,-122.3881643243,BAYVIEW,Central Waterfront,10.0,1,0,2025-09-01,160.50187396724507,3,117,False
37.73875428178,-122.40696995735,BAYVIEW,Apparel City,10.0,0,4,2025-09-01,643.2095403041727,0,360,False
37.73866381349,-122.38234560767,BAYVIEW,Bayview,10.0,0,0,2025-09-01,161.13506685944935,7,121,False
37.74990531439,-122.4042716,MISSION,Potrero Hill,9.0,1,0,2025-09-01,96.79421729322313,3,1094,False
37.74185293895,-122.40625404275,BAYVIEW,Apparel City,9.0,1,1,2025-09-01,709.6774985558637,0,496,False
37.73770724379,-122.42091044784,INGLESIDE,Holly Park,9.0,0,0,2025-09-01,58.63501143730031,6,133,False
37.72201891416,-122.4011054,BAYVIEW,Portola,10.0,0,0,2025-09-01,642.3287844720794,0,45,False
37.74247669731,-122.38489093369,BAYVIEW,India Basin,10.0,0,1,2025-09-01,214.9256769206213,8,171,False
37.74226041086,-122.41228748113,INGLESIDE,Bernal Heights,9.0,0,0,2025-09-01,355.3450034396537,4,85,False
37.73827457409,-122.38047899088,BAYVIEW,Bayview,10.0,0,0,2025-09-01,317.7604947267942,10,25,False
37.73902947737,-122.3778555351,BAYVIEW,India Basin,10.0,0,0,2025-09-01,191.0760175305791,4,12,False
37.74068198097,-122.37758217746,BAYVIEW,Central Waterfront,10.0,0,0,2025-09-01,149.83389705494568,4,2,False
37.7451627834,-122.38523867261,BAYVIEW,Central Waterfront,10.0,0,0,2025-09-01,166.63747402208966,4,168,False
37.7457724637,-122.385485701,BAYVIEW,Central Waterfront,10.0,0,0,2025-09-01,111.29169220285671,3,117,False
37.74595071143,-122.37833538862,BAYVIEW,Central Waterfront,10.0,0,0,2025-09-01,552.1799905629945,0,0,False
37.7290270016,-122.49350074679,TARAVAL,Lakeshore,7.0,0,0,2025-09-01,23.819381320200698,2,12,False
37.74478038398,-122.38726996472,BAYVIEW,Central Waterfront,10.0,0,1,2025-09-01,173.81772528573234,4,188,False
37.74392855687,-122.38522388913,BAYVIEW,India Basin,10.0,0,0,2025-09-01,208.8044938882232,6,173,False
37.75473506714,-122.39788290231,BAYVIEW,Potrero Hill,10.0,0,0,2025-09-01,145.79909499879193,4,118,False
37.75450147682,-122.39861993819,BAYVIEW,Potrero Hill,10.0,0,0,2025-09-01,203.15275509688578,3,390,False
37.76719939587,-122.40480381721,SOUTHERN,Showplace Square,6.0,0,0,2025-09-01,356.73238893096783,3,1233,False
37.76666466528,-122.40567234958,MISSION,Showplace Square,6.0,0,0,2025-09-01,267.3089199239713,3,1348,False
37.76722070965,-122.40571064346,MISSION,Showplace Square,6.0,0,0,2025-09-01,291.4210583682891,3,1406,False
37.76724067657,-122.40766197985,MISSION,Showplace Square,9.0,0,0,2025-09-01,189.66589287478448,4,1931,False
37.73702688277,-122.4090956524,INGLESIDE,Bernal Heights,9.0,0,0,2025-09-01,616.0135131503911,0,201,False
37.75263094809,-122.39665137915,BAYVIEW,Potrero Hill,10.0,1,0,2025-09-01,304.4912196979472,3,90,False
37.71413808094,-122.39938773215,INGLESIDE,Little Hollywood,10.0,0,0,2025-09-01,566.0663290257029,0,44,False
37.74679279861,-122.3909803173,BAYVIEW,Central Waterfront,10.0,0,1,2025-09-01,407.2193183733186,3,138,False
37.76312297841,-122.40908252038,MISSION,Mission,9.0,0,0,2025-09-01,135.11463237100327,5,1663,False
37.76323915855,-122.41028605821,MISSION,Mission,9.0,0,0,2025-09-01,139.21855026717316,7,1884,False
37.7630394942,-122.41055528898,MISSION,Mission,9.0,0,0,2025-09-01,166.6631797579099,9,1845,False
37.76353510677,-122.41122451975,MISSION,Mission,9.0,0,0,2025-09-01,179.32953138698952,8,2058,False
37.775,-122.4183,TENDERLOIN,South of Market,6.0,0,0,2025-09-01,348.86479417249865,4,5732,False
37.76499759337,-122.41138379492,MISSION,Mission,9.0,0,0,2025-09-01,101.88718303787496,7,2394,False
37.76471799466,-122.41339792562,MISSION,Mission,9.0,1,0,2025-09-01,120.08530311324333,7,2609,False
37.76823714305,-122.40564421909,MISSION,Showplace Square,6.0,0,0,2025-09-01,356.97147757096076,3,1472,False
37.76766982242,-122.41327624874,MISSION,Mission,9.0,0,0,2025-09-01,197.03357411581587,6,2924,False
37.74049987932,-122.37667327758,BAYVIEW,Central Waterfront,10.0,0,1,2025-09-01,70.17606648813768,4,1,False
37.71522975036,-122.39954899997,INGLESIDE,Visitacion Valley,10.0,0,0,2025-09-01,554.0036365804308,0,42,False
37.76698320182,-122.41438294339,MISSION,Mission,9.0,1,1,2025-09-01,213.75000150366785,5,3012,False
37.71652933584,-122.40039926022,INGLESIDE,Portola,10.0,0,0,2025-09-01,506.89346494680615,0,49,False
37.71897249484,-122.40045625716,INGLESIDE,Portola,10.0,0,0,2025-09-01,610.4702673966549,0,44,False
37.74582848,-122.38635393005,BAYVIEW,Central Waterfront,10.0,1,1,2025-09-01,77.35670399364459,3,137,False
37.74658440214,-122.38653212328,BAYVIEW,Central Waterfront,10.0,1,0,2025-09-01,20.14002073086771,3,97,False
37.72358303511,-122.41937354207,INGLESIDE,University Mound,9.0,0,0,2025-09-01,90.21185664913686,8,11,False
37.75187726521,-122.3866787554,BAYVIEW,Central Waterfront,10.0,0,0,2025-09-01,454.363658146982,1,178,False
37.75273758463,-122.38680404947,BAYVIEW,Central Waterfront,10.0,0,0,2025-09-01,530.4422875846743,0,196,False
37.75447952831,-122.38327949018,BAYVIEW,Central Waterfront,10.0,4,0,2025-09-01,574.4492133806472,0,79,False
37.74477112156,-122.47966390103,TARAVAL,Parkside,4.0,0,0,2025-09-01,140.88792278602065,4,51,False
37.775,-122.4183,TENDERLOIN,South of Market,6.0,0,0,2025-09-01,348.86479417249865,4,5732,False
37.72215311417,-122.4032855,BAYVIEW,Portola,9.0,0,0,2025-09-01,512.192750409734,0,50,False
37.775,-122.4183,TENDERLOIN,South of Market,6.0,0,0,2025-09-01,348.86479417249865,4,5732,False
37.72363931418,-122.414489,BAYVIEW,University Mound,9.0,0,0,2025-09-01,104.16319693218408,7,7,False
37.775,-122.4183,TENDERLOIN,South of Market,6.0,0,0,2025-09-01,348.86479417249865,4,5732,False
37.72782771421,-122.4104945,BAYVIEW,Portola,9.0,0,0,2025-09-01,109.75622243953508,7,22,False
37.79111284097,-122.38964362903,SOUTHERN,Rincon Hill,6.0,1,0,2025-09-01,113.21837017278557,2,323,False
37.72523931419,-122.406186,BAYVIEW,Portola,9.0,0,0,2025-09-01,165.22951903628086,7,55,False
37.72335211417,-122.4063026,BAYVIEW,Portola,9.0,0,0,2025-09-01,330.1375568528066,1,50,False
37.7260193142,-122.408702,BAYVIEW,Portola,9.0,0,0,2025-09-01,226.70418226137883,7,41,False
37.7268877142,-122.4109248,BAYVIEW,Portola,9.0,0,0,2025-09-01,199.19849153389788,10,23,False
37.74322334609,-122.49451495707,TARAVAL,Outer Sunset,4.0,0,0,2025-09-01,487.86863988291583,1,48,False
37.76818475564,-122.41235072182,MISSION,Mission,9.0,0,0,2025-09-01,225.3060992242663,6,3003,False
37.7635868744,-122.41224613043,MISSION,Mission,9.0,0,0,2025-09-01,178.43917786691702,10,2171,False
37.72872152,-122.50644877553,TARAVAL,Lakeshore,7.0,0,1,2025-09-01,628.1826141322916,0,0,False
37.74832865542,-122.48425215483,TARAVAL,Outer Sunset,4.0,0,0,2025-09-01,512.3692644154102,0,15,False
37.76063387834,-122.41267413844,MISSION,Mission,9.0,0,0,2025-09-01,54.960467683110046,11,1699,False
37.7515117066,-122.48172383755,TARAVAL,Outer Sunset,4.0,0,0,2025-09-01,652.0566437612048,0,31,False
37.76157102143,-122.41268439791,MISSION,Mission,9.0,0,0,2025-09-01,120.28858155605835,12,1839,False
37.71749658396,-122.47725527734,TARAVAL,Parkmerced,7.0,0,0,2025-09-01,602.8908835841727,0,2,False
37.76891639825,-122.41848571371,MISSION,Mission,9.0,2,0,2025-09-01,193.37272677513937,4,4392,False
37.74927151339,-122.40457304544,MISSION,Potrero Hill,10.0,4,3,2025-09-01,100.2269791999255,2,1102,False
37.78260943367,-122.46942121536,RICHMOND,Inner Richmond,1.0,0,1,2025-09-01,134.02633277950633,6,251,False
37.78095910441,-122.46974509209,RICHMOND,Inner Richmond,1.0,0,1,2025-09-01,163.97396336482078,1,263,False
37.74333098619,-122.50722192228,TARAVAL,Outer Sunset,4.0,0,0,2025-09-01,167.5587561402586,1,21,False
37.74355528011,-122.50711999834,TARAVAL,Outer Sunset,4.0,0,0,2025-09-01,186.80753840995763,1,24,False
37.78091167147,-122.46308751404,RICHMOND,Inner Richmond,1.0,0,1,2025-09-01,250.87212300799388,3,230,False
37.78077758714,-122.46227547526,RICHMOND,Inner Richmond,1.0,0,2,2025-09-01,226.64552170751963,4,199,False
37.78050915276,-122.47880257666,RICHMOND,Outer Richmond,1.0,0,3,2025-09-01,120.44342124769135,4,204,False
37.72363700911,-122.4138145038,BAYVIEW,University Mound,9.0,0,0,2025-09-01,108.2811518103754,7,8,False
37.71887494269,-122.41085517677,INGLESIDE,Portola,10.0,0,0,2025-09-01,163.32627459715397,5,23,False
37.71899279842,-122.41045920578,INGLESIDE,Portola,10.0,0,0,2025-09-01,196.76427623007083,5,22,False
37.7190627056,-122.41018017061,INGLESIDE,Portola,10.0,0,0,2025-09-01,220.89787295448343,5,21,False
37.71923542081,-122.40951974094,INGLESIDE,Portola,10.0,0,0,2025-09-01,278.8163334520403,3,21,False
37.71482452203,-122.4162313786,INGLESIDE,McLaren Park,10.0,0,0,2025-09-01,78.3855440774857,5,3,False
37.71360584085,-122.41546163334,INGLESIDE,McLaren Park,10.0,0,0,2025-09-01,32.03580257784418,3,8,False
37.77313941347,-122.47066006064,RICHMOND,Golden Gate Park,1.0,0,0,2025-09-01,107.38751974252645,7,67,False
37.77259639284,-122.48228508979,RICHMOND,Golden Gate Park,1.0,0,0,2025-09-01,259.62608519375283,7,34,False
37.77233799948,-122.48802132905,RICHMOND,Golden Gate Park,1.0,0,0,2025-09-01,138.30367683380192,5,20,False
37.7226956089,-122.41761098714,INGLESIDE,University Mound,9.0,0,0,2025-09-01,86.39621973797198,9,4,False
37.77178649227,-122.5007866323,RICHMOND,Golden Gate Park,1.0,0,0,2025-09-01,158.35273805707297,12,25,False
37.77159753187,-122.50500977039,RICHMOND,Golden Gate Park,1.0,0,0,2025-09-01,188.83896412977975,11,37,False
37.77139797007,-122.50822037458,RICHMOND,Golden Gate Park,1.0,0,0,2025-09-01,229.7437968820117,12,56,False
37.77157818526,-122.50968385488,RICHMOND,Outer Richmond,1.0,0,0,2025-09-01,178.4910163771309,11,53,False
37.72023550637,-122.42542537277,INGLESIDE,Excelsior,11.0,0,0,2025-09-01,365.91189888250744,5,14,False
37.71996961601,-122.42436651252,INGLESIDE,Excelsior,11.0,0,0,2025-09-01,345.13664084984,5,11,False
37.77577256973,-122.51170054078,RICHMOND,Sutro Heights,1.0,0,0,2025-09-01,560.0442389232153,0,45,False
37.72005480169,-122.4246511279,INGLESIDE,Excelsior,11.0,0,0,2025-09-01,347.1560606790344,5,11,False
37.72007711219,-122.42478317922,INGLESIDE,Excelsior,11.0,0,0,2025-09-01,350.1181801079658,5,11,False
37.77958088695,-122.50517942011,RICHMOND,Sutro Heights,1.0,0,0,2025-09-01,502.24307072479195,0,40,False
37.77945051012,-122.50295385718,RICHMOND,Outer Richmond,1.0,0,0,2025-09-01,430.0264769959529,1,40,False
37.77926501423,-122.50263568014,RICHMOND,Outer Richmond,1.0,0,0,2025-09-01,440.5294563932439,2,41,False
37.7812892792,-122.50150110573,RICHMOND,Outer Richmond,1.0,0,0,2025-09-01,258.7333095521556,2,37,False
37.78141382309,-122.49951593578,RICHMOND,Outer Richmond,1.0,0,0,2025-09-01,318.6402931253535,2,38,False
37.72110029759,-122.41997636421,INGLESIDE,McLaren Park,9.0,0,1,2025-09-01,105.37694825705873,6,3,False
37.78407503719,-122.44733422995,RICHMOND,Laurel Heights / Jordan Park,2.0,0,0,2025-09-01,109.89230950890138,5,284,False
37.78374354995,-122.41091117263,TENDERLOIN,Tenderloin,5.0,1,0,2025-09-01,93.6559182368642,10,4169,False
37.78545449571,-122.41294529289,TENDERLOIN,Tenderloin,5.0,1,0,2025-09-01,50.07975023196733,13,3858,False
37.78442189155,-122.41274815053,TENDERLOIN,Tenderloin,5.0,1,0,2025-09-01,42.248046356049464,13,4335,False
37.78594522273,-122.41189219058,TENDERLOIN,Tenderloin,5.0,1,0,2025-09-01,5.587600999781805,10,3346,False
37.71245914202,-122.48979281354,TARAVAL,Lakeshore,7.0,0,0,2025-09-01,34.25672130097475,1,0,False
37.71249220992,-122.48986606431,TARAVAL,Lakeshore,7.0,0,0,2025-09-01,40.96372024272007,1,0,False
37.7126039586,-122.49008122071,TARAVAL,Lakeshore,7.0,0,0,2025-09-01,61.42410574565397,1,0,False
37.71271487018,-122.49016522975,TARAVAL,Lakeshore,7.0,0,0,2025-09-01,71.40607861280156,1,0,False
37.71275659966,-122.49029410737,TARAVAL,Lakeshore,7.0,0,0,2025-09-01,83.28090730884496,1,0,False
37.71301944376,-122.49057004282,TARAVAL,Lakeshore,7.0,0,0,2025-09-01,114.74673224552386,1,0,False
37.74321300626,-122.47454155236,TARAVAL,Golden Gate Heights,7.0,0,1,2025-03-01,348.02488006665624,3,97,False
37.71034522688,-122.39803053439,BAYVIEW,Little Hollywood,10.0,0,0,2025-03-01,777.0976397587149,0,31,False
37.71002640611,-122.39637963474,BAYVIEW,Little Hollywood,10.0,0,0,2025-03-01,842.7632679934969,0,15,True
37.74317058647,-122.47512426227,TARAVAL,Golden Gate Heights,7.0,0,1,2025-03-01,326.7602965874984,5,96,False
37.71589705057,-122.3996482417,INGLESIDE,Portola,10.0,0,0,2025-03-01,554.825872931432,0,42,False
37.77966980176,-122.39836716743,SOUTHERN,South of Market,6.0,1,0,2025-03-01,353.72761566264757,1,1132,False
37.80109415363,-122.41100404412,CENTRAL,North Beach,3.0,0,1,2025-03-01,32.549692721274916,11,396,False
37.79847408606,-122.41047866642,CENTRAL,Russian Hill,3.0,0,1,2025-03-01,189.75184474968444,13,542,False
37.72647385793,-122.39856429398,,Bayview,,0,0,2025-03-01,464.8101225767552,3,57,False
37.71259629592,-122.41172287613,INGLESIDE,Visitacion Valley,10.0,0,0,2025-03-01,266.22400546428895,6,14,False
37.72991214864,-122.40509212017,BAYVIEW,Portola,9.0,0,0,2025-03-01,269.59128575035356,9,60,False
37.73218198006,-122.4054498598,BAYVIEW,Portola,9.0,0,1,2025-03-01,216.59621333605375,8,67,False
37.71366915677,-122.41553865373,INGLESIDE,McLaren Park,10.0,0,0,2025-03-01,32.24820991669251,3,8,False
37.74804711303,-122.391034998,BAYVIEW,Central Waterfront,10.0,0,6,2025-03-01,428.3330505399153,1,158,False
37.74990999179,-122.39458590746,BAYVIEW,Potrero Hill,10.0,1,2,2025-03-01,577.6386588067613,0,119,False
37.74898081165,-122.39037416875,BAYVIEW,Central Waterfront,10.0,0,0,2025-03-01,406.19430642139884,1,172,False
37.74236699186,-122.48871870339,TARAVAL,Parkside,4.0,0,1,2025-03-01,532.2009534653837,0,24,False
37.75006056825,-122.38866325468,BAYVIEW,Central Waterfront,10.0,0,0,2025-03-01,357.7478084707407,1,202,False
37.75367828751,-122.38899115473,BAYVIEW,Central Waterfront,10.0,0,0,2025-03-01,622.2116578210595,0,244,False
37.75475877081,-122.3920321092,BAYVIEW,Potrero Hill,10.0,1,0,2025-03-01,437.6847994372477,3,212,False
37.75489210708,-122.3972087726,BAYVIEW,Potrero Hill,10.0,0,0,2025-03-01,109.8022222684111,4,97,False
37.71247110571,-122.45162509382,INGLESIDE,Outer Mission,11.0,0,0,2025-03-01,224.13451160555945,7,27,False
37.73641174194,-122.50631164759,TARAVAL,Parkside,4.0,0,0,2025-03-01,445.1519152824095,1,25,False
37.71259046079,-122.45267551392,INGLESIDE,Outer Mission,11.0,0,1,2025-03-01,289.5123372439479,5,23,False
37.71138576135,-122.45384026319,INGLESIDE,Outer Mission,11.0,0,0,2025-03-01,279.8532872969648,5,26,False
37.73985142717,-122.5062006712,TARAVAL,Outer Sunset,4.0,0,0,2025-03-01,158.28053121270779,1,37,False
37.79855117937,-122.40871578455,CENTRAL,North Beach,3.0,0,1,2025-03-01,196.98174935631224,21,773,False
37.73997153354,-122.50674046576,TARAVAL,Outer Sunset,4.0,0,0,2025-03-01,131.09948112387633,1,34,False
37.74124072515,-122.50691447407,TARAVAL,Outer Sunset,4.0,0,0,2025-03-01,21.828382384769213,1,28,False
37.71333443646,-122.45006773621,INGLESIDE,Outer Mission,11.0,0,0,2025-03-01,88.81031364943081,5,29,False
37.74284527885,-122.5071092695,TARAVAL,Outer Sunset,4.0,0,0,2025-03-01,124.50358198139028,1,21,False
37.71010146969,-122.44916785508,INGLESIDE,Outer Mission,11.0,0,1,2025-03-01,190.49545164240325,5,22,False
37.74723031591,-122.50740464777,TARAVAL,Outer Sunset,4.0,0,0,2025-03-01,510.0293129539636,0,28,False
37.74767437259,-122.50776842237,TARAVAL,Outer Sunset,4.0,0,0,2025-03-01,551.5148088109772,0,27,False
37.71149928296,-122.44762055576,INGLESIDE,Outer Mission,11.0,0,1,2025-03-01,169.60047926666266,5,23,False
37.751694091,-122.50822037458,TARAVAL,Outer Sunset,4.0,0,0,2025-03-01,759.543748326441,0,24,False
37.75305400697,-122.50537723303,TARAVAL,Outer Sunset,4.0,0,1,2025-03-01,649.342348485497,0,32,False
37.75395291626,-122.50855498016,TARAVAL,Outer Sunset,4.0,0,0,2025-03-01,559.1965351350638,0,27,False
37.75470098285,-122.50812951475,TARAVAL,Outer Sunset,4.0,0,0,2025-03-01,500.25237996950233,0,41,False
37.75514685026,-122.50865757465,TARAVAL,Outer Sunset,4.0,0,0,2025-03-01,454.4024540404513,2,47,False
37.75755957725,-122.50904113054,TARAVAL,Outer Sunset,4.0,0,0,2025-03-01,240.1161000207983,2,72,False
37.75933103391,-122.50931404531,TARAVAL,Outer Sunset,4.0,0,0,2025-03-01,83.21925602398622,2,83,False
37.77652687208,-122.39461431304,SOUTHERN,Mission Bay,6.0,1,0,2025-03-01,167.40391478336278,4,668,False
37.75937397458,-122.50909209251,TARAVAL,Outer Sunset,4.0,0,0,2025-03-01,82.19068850851082,2,86,False
37.76996880662,-122.42068413044,MISSION,South of Market,9.0,0,2,2025-03-01,236.71413615884026,2,4504,False
37.76126121866,-122.5095416978,TARAVAL,Outer Sunset,4.0,0,0,2025-03-01,89.16921054536722,5,82,False
37.76059962846,-122.50917054713,TARAVAL,Outer Sunset,4.0,0,0,2025-03-01,25.591039633293445,3,84,False
37.74867057673,-122.41599578573,MISSION,Mission,9.0,0,0,2025-03-01,288.0936006381701,8,495,False
37.76305697151,-122.5097649917,TARAVAL,Outer Sunset,4.0,0,0,2025-03-01,246.9322741658467,13,81,False
37.7556771454,-122.41518580018,MISSION,Mission,9.0,1,0,2025-03-01,161.00691887287286,11,883,False
37.80687069012,-122.41560772061,CENTRAL,Fishermans Wharf,3.0,0,0,2025-03-01,162.77279898365626,6,168,False
37.78046940425,-122.39885967225,SOUTHERN,South of Market,6.0,1,0,2025-03-01,287.8309756355933,1,1124,False
37.80552447908,-122.4154112488,CENTRAL,Fishermans Wharf,3.0,0,1,2025-03-01,281.2667578750494,8,207,False
37.75908882284,-122.41225494821,MISSION,Mission,9.0,0,0,2025-03-01,89.8478639716101,8,1341,False
37.74911348761,-122.40545974273,MISSION,Mission,9.0,2,0,2025-03-01,87.22613420150779,2,1106,False
37.76394118155,-122.50935696065,TARAVAL,Outer Sunset,4.0,0,0,2025-03-01,205.34098386786044,13,79,False
37.80674168591,-122.41395380348,CENTRAL,Fishermans Wharf,3.0,0,0,2025-03-01,206.98426066478964,10,190,False
37.79884822775,-122.39673493283,CENTRAL,,3.0,0,0,2025-03-01,28.00812206306488,6,191,False
37.80611811826,-122.41018228233,CENTRAL,Fishermans Wharf,3.0,0,0,2025-03-01,266.4542707434498,13,208,False
37.79487021543,-122.40697938949,CENTRAL,Chinatown,3.0,0,1,2025-03-01,109.09855136175779,15,1010,False
37.76059008625,-122.50599917024,TARAVAL,Outer Sunset,4.0,0,1,2025-03-01,278.5988925738639,4,90,False
37.80841567381,-122.41625862303,CENTRAL,Fishermans Wharf,3.0,0,0,2025-03-01,65.43616493803664,3,127,False
37.80814955923,-122.41750160065,CENTRAL,Fishermans Wharf,3.0,0,0,2025-03-01,150.27636400499753,3,109,False
37.80883537132,-122.41338906427,CENTRAL,Fishermans Wharf,3.0,0,0,2025-03-01,61.32175419692783,7,111,False
37.76431384005,-122.50137705356,TARAVAL,Outer Sunset,4.0,0,0,2025-03-01,314.56524337535325,4,46,False
37.76460592242,-122.49808698893,TARAVAL,Golden Gate Park,1.0,0,0,2025-03-01,329.743508543501,3,35,False
37.76457888762,-122.49659467489,TARAVAL,Outer Sunset,4.0,0,0,2025-03-01,300.46919208320537,2,38,False
37.76491258117,-122.49605923891,TARAVAL,Golden Gate Park,4.0,0,1,2025-03-01,273.4680786084196,6,35,False
37.76465999199,-122.49377366155,TARAVAL,Outer Sunset,4.0,0,0,2025-03-01,205.4678121172559,4,28,False
37.76503397209,-122.48538136482,TARAVAL,Outer Sunset,4.0,0,0,2025-03-01,394.4985166581191,2,45,False
37.76519405938,-122.48135570437,TARAVAL,Outer Sunset,4.0,0,0,2025-03-01,421.89906201260555,6,74,False
37.76401043732,-122.41863768149,MISSION,Mission,9.0,0,1,2025-03-01,141.7269817338328,6,2454,False
37.80829951537,-122.41556146237,CENTRAL,Fishermans Wharf,3.0,0,0,2025-03-01,37.42238497971473,5,139,False
37.76570532922,-122.47201859951,TARAVAL,Golden Gate Park,7.0,0,0,2025-03-01,297.6072207221443,10,73,False
37.79430155463,-122.39182152747,CENTRAL,,3.0,0,0,2025-03-01,51.43531999517499,6,202,False
37.79581500584,-122.39519300381,CENTRAL,Financial District,3.0,0,0,2025-03-01,95.15394022753046,7,266,False
37.76754375702,-122.41328330147,MISSION,Mission,9.0,0,0,2025-03-01,187.2406739518714,6,2917,False
37.79142152157,-122.38984120647,SOUTHERN,Financial District,6.0,1,0,2025-03-01,144.9816678845716,4,318,False
37.76449089193,-122.47077774256,TARAVAL,Inner Sunset,5.0,0,1,2025-03-01,293.7561779006923,4,98,False
37.76832111096,-122.40897523731,MISSION,Mission,9.0,0,0,2025-03-01,280.6486155088162,4,2399,False
37.76601622408,-122.46580660343,TARAVAL,Golden Gate Park,5.0,0,0,2025-03-01,73.6527240276755,7,99,False
37.76806657749,-122.41294296148,MISSION,Mission,6.0,1,1,2025-03-01,220.8142487893728,6,3022,False
37.76371199124,-122.41313395172,MISSION,Mission,9.0,0,0,2025-03-01,180.2214423405495,10,2355,False
37.7683916162,-122.40765381071,MISSION,Showplace Square,6.0,0,1,2025-03-01,287.4917126163013,4,1940,False
37.7684154284,-122.40664957239,MISSION,Showplace Square,6.0,8,3,2025-03-01,319.6112587945942,3,1699,False
37.76585655896,-122.41150455267,MISSION,Mission,9.0,0,0,2025-03-01,78.45405048915461,7,2675,False
37.75423798634,-122.38447967928,BAYVIEW,Central Waterfront,10.0,3,0,2025-03-01,566.4090366789211,0,115,False
37.76653976016,-122.41520168465,MISSION,Mission,9.0,0,0,2025-03-01,226.3536812421538,6,3169,False
37.75368337586,-122.38575082501,BAYVIEW,Central Waterfront,10.0,1,0,2025-03-01,606.0993771968813,0,181,False
37.74628705083,-122.38615107693,BAYVIEW,Central Waterfront,10.0,1,0,2025-03-01,40.644715856109244,3,92,False
37.76319722339,-122.41384455408,MISSION,Mission,9.0,0,0,2025-03-01,159.12177739319355,11,2284,False
37.76449535422,-122.41339661948,MISSION,Mission,9.0,0,0,2025-03-01,133.65353064071468,7,2537,False
37.76214502281,-122.41437055117,MISSION,Mission,9.0,0,0,2025-03-01,178.4174182465112,11,2103,False
37.74656045636,-122.39079192292,BAYVIEW,Central Waterfront,10.0,1,1,2025-03-01,390.84457109047827,3,137,False
37.71595417822,-122.38406898849,BAYVIEW,Candlestick Point SRA,10.0,0,0,2025-03-01,298.2146822269734,3,18,False
37.7660499678,-122.41652302089,MISSION,Mission,9.0,1,0,2025-03-01,178.60002969418196,6,3276,False
37.76357382219,-122.47903592885,TARAVAL,Outer Sunset,4.0,0,1,2025-03-01,239.92860683510744,3,80,False
37.76237233759,-122.48249899596,TARAVAL,Outer Sunset,4.0,0,1,2025-03-01,549.6912681512242,0,66,False
37.74794303189,-122.38831639242,BAYVIEW,Central Waterfront,10.0,2,0,2025-03-01,204.3954663143969,3,118,False
37.74840155935,-122.48423103243,TARAVAL,Outer Sunset,4.0,0,0,2025-03-01,516.5920688348775,0,17,False
37.76140524686,-122.410165291,MISSION,Mission,9.0,0,0,2025-03-01,197.53618292069515,8,1536,False
37.74473506549,-122.47952543199,TARAVAL,Parkside,4.0,0,0,2025-03-01,138.89833190496236,4,52,False
37.73732967866,-122.47924111784,TARAVAL,Parkside,4.0,0,0,2025-03-01,133.34735268959986,9,24,False
37.73743812278,-122.4761210382,TARAVAL,Parkside,4.0,0,0,2025-03-01,51.42625310678953,5,46,False
37.73266324963,-122.47829463333,TARAVAL,Merced Manor,7.0,0,0,2025-03-01,262.8640002731631,3,28,False
37.73403677312,-122.47798215598,TARAVAL,Merced Manor,7.0,0,0,2025-03-01,158.73095254508513,5,28,False
37.73116666337,-122.48042631894,TARAVAL,Merced Manor,7.0,0,0,2025-03-01,411.3698861516345,3,17,False
37.72538845351,-122.48467057943,TARAVAL,Lakeshore,7.0,0,0,2025-03-01,790.8557616509677,0,2,False
37.72429693378,-122.48514968902,TARAVAL,Lakeshore,7.0,0,0,2025-03-01,746.9542754324821,0,1,False
37.72307465657,-122.48517349362,TARAVAL,Lakeshore,7.0,0,0,2025-03-01,757.1256562685572,0,1,False
37.72077325194,-122.48528245836,TARAVAL,Lakeshore,7.0,0,0,2025-03-01,810.0620473356664,0,1,True
37.72060935568,-122.48480468988,TARAVAL,Parkmerced,7.0,0,0,2025-03-01,823.4918557545317,0,1,True
37.7174973796,-122.48479396105,TARAVAL,Parkmerced,7.0,0,0,2025-03-01,601.1948474856199,0,2,False
37.71901280682,-122.48475942761,TARAVAL,Parkmerced,7.0,0,0,2025-03-01,707.0098935725104,0,2,False
37.71312331258,-122.48560901731,TARAVAL,Lakeshore,7.0,0,0,2025-03-01,338.49226741657435,1,0,False
37.71332488816,-122.49102506787,TARAVAL,Lakeshore,7.0,0,0,2025-03-01,162.58115416714128,1,0,False
37.71556180988,-122.49364189804,TARAVAL,Lakeshore,7.0,0,0,2025-03-01,462.49072455604454,1,0,False
37.71651262703,-122.4966211617,TARAVAL,Lakeshore,7.0,0,0,2025-03-01,727.6645108276421,0,1,False
37.71799863565,-122.49925676733,TARAVAL,Lakeshore,7.0,0,0,2025-03-01,668.1136850322526,0,1,False
37.73206557335,-122.4904473871,TARAVAL,Lakeshore,7.0,0,0,2025-03-01,400.75815345099716,2,20,False
37.72915348971,-122.50194534659,TARAVAL,Lakeshore,7.0,0,0,2025-03-01,336.3079997854615,2,2,False
37.71420889672,-122.48398527503,TARAVAL,Lakeshore,7.0,1,2,2025-03-01,500.4411685188555,0,1,False
37.71439376006,-122.47190292925,TARAVAL,Parkmerced,7.0,0,0,2025-03-01,301.92629717768216,4,7,False
37.71379434496,-122.47456837445,TARAVAL,Parkmerced,7.0,0,0,2025-03-01,489.3390622259836,1,4,False
37.71931779805,-122.44878094643,TARAVAL,Oceanview,11.0,0,0,2025-03-01,446.4626465131196,2,61,False
37.71604557444,-122.47155491263,TARAVAL,Merced Heights,11.0,0,0,2025-03-01,162.56111114904297,4,6,False
37.71482873081,-122.47025035322,TARAVAL,Merced Heights,11.0,0,0,2025-03-01,233.05743967486242,5,7,False
37.71433063604,-122.46482022107,TARAVAL,Merced Heights,11.0,0,0,2025-03-01,102.36583145837993,1,19,False
37.71478337727,-122.46982723475,TARAVAL,Merced Heights,11.0,0,0,2025-03-01,241.73192479738358,5,8,False
37.71568885143,-122.470767349,TARAVAL,Merced Heights,11.0,0,0,2025-03-01,160.84498854728224,5,6,False
37.72217033348,-122.47222043574,TARAVAL,Ingleside Terraces,7.0,0,0,2025-03-01,305.09903296401825,6,8,False
37.72058442645,-122.47544143349,TARAVAL,Parkmerced,7.0,0,0,2025-03-01,413.07435884042565,1,5,False
37.72439452415,-122.47488956898,TARAVAL,Stonestown,7.0,0,0,2025-03-01,92.79870111045436,2,13,False
37.72435686701,-122.47524496168,TARAVAL,Parkmerced,7.0,0,0,2025-03-01,119.70885134616152,2,13,False
37.72777695866,-122.47505821288,TARAVAL,Stonestown,7.0,0,0,2025-03-01,115.03251567542358,2,38,False
37.7256658391,-122.47527010739,TARAVAL,Stonestown,7.0,0,0,2025-03-01,106.14957562714777,2,19,False
37.72573160532,-122.46272776276,TARAVAL,Mt. Davidson Manor,7.0,0,0,2025-03-01,379.2268528996293,1,29,False
37.73947334271,-122.46724594384,TARAVAL,West Portal,7.0,0,1,2025-03-01,192.482955730231,4,82,False
37.78388133859,-122.44729802012,RICHMOND,Laurel Heights / Jordan Park,2.0,0,0,2025-03-01,108.8190067085969,5,288,False
37.78569959465,-122.44726482779,RICHMOND,Laurel Heights / Jordan Park,2.0,0,0,2025-03-01,172.39496958327229,5,290,False
37.78237386388,-122.46615931392,RICHMOND,Inner Richmond,1.0,0,1,2025-03-01,176.44095719634876,5,231,False
37.78219817973,-122.46725969017,RICHMOND,Inner Richmond,1.0,0,0,2025-03-01,79.94007476490965,5,244,False
37.78291628273,-122.46649023145,RICHMOND,Inner Richmond,1.0,0,1,2025-03-01,169.6424600289187,6,226,False
37.78141090823,-122.49850742519,RICHMOND,Outer Richmond,1.0,0,0,2025-03-01,272.3476361483811,2,43,False
37.78104363566,-122.50629454851,RICHMOND,Sutro Heights,1.0,0,0,2025-03-01,481.01931003831595,1,32,False
37.77146157548,-122.50847283751,RICHMOND,Golden Gate Park,1.0,0,0,2025-03-01,218.4312258023473,12,56,False
37.77086368246,-122.50779189169,RICHMOND,Golden Gate Park,1.0,0,0,2025-03-01,185.7407302984973,12,53,False
37.77194285466,-122.50890802592,RICHMOND,Outer Richmond,1.0,0,0,2025-03-01,231.99845176976984,10,55,False
37.77165292143,-122.50592272729,RICHMOND,Outer Richmond,1.0,0,0,2025-03-01,222.50487910470457,12,50,False
37.77176873585,-122.50124361366,RICHMOND,Golden Gate Park,1.0,0,0,2025-03-01,174.81438613102242,9,26,False
37.77181643967,-122.49959841371,RICHMOND,Golden Gate Park,1.0,0,0,2025-03-01,64.91650533382617,13,23,False
37.77220734485,-122.49027371407,RICHMOND,Golden Gate Park,1.0,0,0,2025-03-01,183.34053400931026,8,14,False
37.77246573867,-122.48953711241,RICHMOND,Outer Richmond,1.0,0,0,2025-03-01,199.14116795732662,8,18,False
37.77295125158,-122.47535225004,RICHMOND,Golden Gate Park,1.0,0,0,2025-03-01,218.52512837106053,5,58,False
37.77302148107,-122.47386295348,RICHMOND,Golden Gate Park,1.0,0,0,2025-03-01,208.36822969684812,7,60,False
37.77314497882,-122.47089073062,RICHMOND,Golden Gate Park,1.0,0,0,2025-03-01,101.51915540731542,7,65,False
37.78469220469,-122.43681003861,NORTHERN,Lower Pacific Heights,5.0,0,1,2025-06-01,78.01267252430088,8,530,False
37.79576875172,-122.42011726093,CENTRAL,Polk Gulch,3.0,0,1,2025-06-01,32.17149308005166,3,929,False
37.78379469076,-122.44727957994,RICHMOND,Laurel Heights / Jordan Park,2.0,0,0,2025-06-01,109.03561640522207,5,290,False
37.78560261506,-122.44748275727,RICHMOND,Laurel Heights / Jordan Park,2.0,0,0,2025-06-01,178.26946871032868,5,281,False
37.78497197963,-122.44854491204,RICHMOND,Laurel Heights / Jordan Park,2.0,0,0,2025-06-01,228.2989941714518,5,285,False
37.74362924922,-122.50732015818,TARAVAL,Outer Sunset,4.0,0,0,2025-06-01,194.4118135484104,1,24,False
37.7472820122,-122.50721052289,TARAVAL,Outer Sunset,4.0,0,0,2025-06-01,513.8962268186831,0,29,False
37.7473352991,-122.5065151602,TARAVAL,Outer Sunset,4.0,0,0,2025-06-01,520.8055264038957,0,29,False
37.78323293479,-122.46023397893,RICHMOND,Inner Richmond,1.0,0,1,2025-06-01,99.55496372076972,2,137,False
37.74914756124,-122.50714682043,TARAVAL,Outer Sunset,4.0,0,0,2025-06-01,677.4822514649192,0,31,False
37.7496650393,-122.50807318836,TARAVAL,Outer Sunset,4.0,0,0,2025-06-01,728.0978273969355,0,29,False
37.75097992629,-122.5081372261,TARAVAL,Outer Sunset,4.0,0,0,2025-06-01,822.5827148651636,0,24,True
37.78266243014,-122.465396896,RICHMOND,Inner Richmond,1.0,0,2,2025-06-01,247.73785129897814,5,240,False
37.78299233235,-122.46599838138,RICHMOND,Inner Richmond,1.0,0,1,2025-06-01,210.06224379477172,5,224,False
37.75290264134,-122.50553783029,TARAVAL,Outer Sunset,4.0,0,1,2025-06-01,658.9833038853701,0,31,False
37.75320908352,-122.50845137984,TARAVAL,Outer Sunset,4.0,0,0,2025-06-01,625.0795112519648,0,28,False
37.78234577564,-122.46609829366,RICHMOND,Inner Richmond,1.0,0,1,2025-06-01,180.99654756322747,5,231,False
37.75507527838,-122.50867031515,TARAVAL,Outer Sunset,4.0,0,0,2025-06-01,460.39396717104484,2,46,False
37.78295973967,-122.46702231467,RICHMOND,Inner Richmond,1.0,0,1,2025-06-01,136.04435191248243,6,223,False
37.75757521651,-122.50889528543,TARAVAL,Outer Sunset,4.0,0,0,2025-06-01,240.92845144738448,2,72,False
37.75848520377,-122.50815868378,TARAVAL,Outer Sunset,4.0,0,0,2025-06-01,182.56395429245632,2,81,False
37.758348163,-122.50920809805,TARAVAL,Outer Sunset,4.0,0,0,2025-06-01,169.401422415944,2,83,False
37.75948291652,-122.5093184039,TARAVAL,Outer Sunset,4.0,0,0,2025-06-01,70.34345111165963,2,85,False
37.76083738812,-122.50917188823,TARAVAL,Outer Sunset,4.0,0,0,2025-06-01,46.449665118774625,5,84,False
37.76181757538,-122.50959601253,TARAVAL,Outer Sunset,4.0,0,0,2025-06-01,137.81646697594394,9,81,False
37.76318923262,-122.50977572054,TARAVAL,Outer Sunset,4.0,0,0,2025-06-01,258.4740681387611,13,80,False
37.78207151729,-122.48620916158,RICHMOND,Outer Richmond,1.0,0,1,2025-06-01,296.6107929382217,3,73,False
37.76352266738,-122.50936165452,TARAVAL,Outer Sunset,4.0,0,0,2025-06-01,239.71703993325704,13,82,False
37.76413652269,-122.5086119771,TARAVAL,Golden Gate Park,1.0,0,0,2025-06-01,172.54771322109667,15,80,False
37.76067146005,-122.5059941411,TARAVAL,Outer Sunset,4.0,0,1,2025-06-01,279.7619315182634,4,90,False
37.78136983527,-122.49970167875,RICHMOND,Outer Richmond,1.0,0,0,2025-06-01,311.92746679989995,2,40,False
37.78124820618,-122.50149708241,RICHMOND,Outer Richmond,1.0,0,0,2025-06-01,262.35412372495495,2,37,False
37.77910469241,-122.50718705356,RICHMOND,Sutro Heights,1.0,0,0,2025-06-01,650.1470829553041,0,44,False
37.77916564124,-122.50557672232,RICHMOND,Sutro Heights,1.0,0,0,2025-06-01,552.2361762946963,0,42,False
37.77916140132,-122.50420879573,RICHMOND,Sutro Heights,1.0,0,0,2025-06-01,490.62084347393613,1,40,False
37.77924301969,-122.50283919275,RICHMOND,Outer Richmond,1.0,0,0,2025-06-01,445.64879335037847,2,41,False
37.77373622804,-122.42153774947,NORTHERN,Civic Center,6.0,1,0,2025-06-01,321.0981890240033,1,4959,False
37.7161201999,-122.4246498588,INGLESIDE,McLaren Park,10.0,0,3,2025-06-01,13.29589609173461,6,13,False
37.77974253271,-122.50349063426,RICHMOND,Sutro Heights,1.0,0,0,2025-06-01,419.130163063607,1,40,False
37.77531145614,-122.51121908426,RICHMOND,Sutro Heights,1.0,0,0,2025-06-01,511.28839429011447,0,46,False
37.77538115338,-122.42410261184,NORTHERN,Hayes Valley,5.0,1,0,2025-06-01,58.432987560619104,5,4193,False
37.77507241797,-122.51073896885,RICHMOND,Outer Richmond,1.0,0,0,2025-06-01,484.1540088085571,1,51,False
37.78822419896,-122.38810803741,SOUTHERN,Rincon Hill,6.0,1,0,2025-06-01,179.92247953675113,1,357,False
37.77238969358,-122.46244009581,PARK,Golden Gate Park,1.0,1,0,2025-06-01,146.1089368703152,13,92,False
37.77169638499,-122.51011703163,RICHMOND,Outer Richmond,1.0,0,0,2025-06-01,184.81960728599114,10,53,False
37.76120979719,-122.49413475394,TARAVAL,Outer Sunset,4.0,0,0,2025-06-01,503.2791094842485,0,43,False
37.76092141225,-122.49524753541,TARAVAL,Outer Sunset,4.0,0,0,2025-06-01,557.8653646889709,0,45,False
37.77141334139,-122.50870652497,RICHMOND,Golden Gate Park,1.0,0,0,2025-06-01,202.1236907543586,11,55,False
37.77082657901,-122.50780798495,RICHMOND,Golden Gate Park,1.0,0,0,2025-06-01,184.0439181515032,12,53,False
37.77158693099,-122.50511068851,RICHMOND,Golden Gate Park,1.0,0,0,2025-06-01,196.81715834956006,12,37,False
37.77188109186,-122.49654273335,RICHMOND,Golden Gate Park,1.0,1,0,2025-06-01,47.398792891914105,12,16,False
37.77551047736,-122.42254592478,NORTHERN,Civic Center,5.0,1,0,2025-06-01,171.7616557921252,3,4619,False
37.75773664531,-122.48226329684,TARAVAL,Outer Sunset,4.0,0,0,2025-06-01,411.71297317460846,3,48,False
37.78567627717,-122.39025179297,SOUTHERN,South Beach,6.0,2,0,2025-06-01,365.4638779072484,2,472,False
37.77175389465,-122.50112827867,RICHMOND,Golden Gate Park,1.0,0,0,2025-06-01,183.21599371735653,9,26,False
37.75449819446,-122.48186934739,TARAVAL,Outer Sunset,4.0,0,0,2025-06-01,487.20994785454013,3,32,False
37.77210292699,-122.49411832541,RICHMOND,Golden Gate Park,1.0,0,0,2025-06-01,98.32892513451942,14,17,False
37.77224471263,-122.49060731381,RICHMOND,Golden Gate Park,1.0,0,0,2025-06-01,196.56535304998613,8,14,False
37.77235231052,-122.48798009008,RICHMOND,Golden Gate Park,1.0,0,0,2025-06-01,134.9961856765268,5,20,False
37.78221752355,-122.42216773331,NORTHERN,Cathedral Hill,5.0,1,0,2025-06-01,270.2514642970419,11,2572,False
37.71548012581,-122.39428417301,BAYVIEW,Candlestick Point SRA,10.0,0,1,2025-06-01,330.4951703368453,1,25,False
37.77307792964,-122.47346967459,RICHMOND,Inner Richmond,1.0,0,0,2025-06-01,186.49783329091522,7,60,False
37.78108099897,-122.39552535117,SOUTHERN,South Beach,6.0,3,0,2025-06-01,495.31184873271735,1,857,False
37.77322156852,-122.46863599867,RICHMOND,Golden Gate Park,1.0,0,0,2025-06-01,244.4230816499783,9,95,False
37.78880101972,-122.42002967745,NORTHERN,Lower Nob Hill,3.0,1,0,2025-06-01,337.88356071682983,2,2637,False
37.78825387474,-122.41991199553,NORTHERN,Lower Nob Hill,3.0,1,0,2025-06-01,290.8384692446961,5,2860,False
37.77407809567,-122.4595785141,PARK,Golden Gate Park,1.0,0,0,2025-06-01,155.7609506590212,16,101,False
37.78166741498,-122.39621970803,SOUTHERN,South of Market,6.0,0,1,2025-06-01,463.5239342844308,1,890,False
37.78135552598,-122.46117845178,RICHMOND,Inner Richmond,1.0,0,1,2025-06-01,162.3425434920499,4,181,False
37.78716593179,-122.39576373249,SOUTHERN,South of Market,6.0,0,1,2025-06-01,136.68644112336105,2,678,False
37.74274691742,-122.48373482376,TARAVAL,Parkside,4.0,0,0,2025-06-01,256.30661911800786,7,24,False
37.74241604028,-122.4887438491,TARAVAL,Parkside,4.0,0,1,2025-06-01,536.8708743156436,0,24,False
37.73836294044,-122.50006143004,TARAVAL,Outer Sunset,4.0,0,0,2025-06-01,154.86076757652023,2,41,False
37.73822347613,-122.50094722956,TARAVAL,Outer Sunset,4.0,0,0,2025-06-01,230.1371086609196,2,42,False
37.74003251463,-122.50675857067,TARAVAL,Outer Sunset,4.0,0,0,2025-06-01,125.52830371096486,1,35,False
37.71488642978,-122.48592795829,TARAVAL,Lakeshore,7.0,0,1,2025-06-01,373.53948790347033,1,0,False
37.73988085723,-122.50601962209,TARAVAL,Outer Sunset,4.0,0,0,2025-06-01,164.46490015889185,1,37,False
37.73944974551,-122.50668246299,TARAVAL,Outer Sunset,4.0,0,0,2025-06-01,176.925819567973,1,27,False
37.78345657778,-122.42000956088,NORTHERN,Tenderloin,6.0,0,1,2025-06-01,203.72761545039924,12,3232,False
37.73700461052,-122.50637300313,TARAVAL,Parkside,4.0,0,0,2025-06-01,392.9248753082205,1,25,False
37.73626219831,-122.50288445503,TARAVAL,Parkside,4.0,0,0,2025-06-01,427.4958634370347,2,22,False
37.78058917969,-122.42015071213,NORTHERN,Civic Center,5.0,0,1,2025-06-01,74.56635908650333,12,3335,False
37.77838787736,-122.40211755037,SOUTHERN,South of Market,6.0,2,1,2025-06-01,266.01853661184657,6,2010,False
37.78846213476,-122.41871472448,CENTRAL,Lower Nob Hill,3.0,1,0,2025-06-01,272.90199459727455,5,2895,False
37.72902169811,-122.50191785395,TARAVAL,Lakeshore,7.0,0,0,2025-06-01,325.33460359024355,2,2,False
37.71820099361,-122.49945994467,TARAVAL,Lakeshore,7.0,0,0,2025-06-01,649.9609455795232,0,1,False
37.71670172812,-122.4974161014,TARAVAL,Lakeshore,7.0,0,0,2025-06-01,772.6691835267109,0,1,False
37.71561458917,-122.49376930296,TARAVAL,Lakeshore,7.0,0,0,2025-06-01,474.24164071317904,1,0,False
37.71389698851,-122.49174356461,TARAVAL,Lakeshore,7.0,0,0,2025-06-01,242.4150860127867,1,0,False
37.71245704832,-122.48988714069,TARAVAL,Lakeshore,7.0,0,0,2025-06-01,42.500715491805344,1,0,False
37.79483100452,-122.393742688,CENTRAL,Financial District,3.0,0,1,2025-06-01,52.61747727858062,7,253,False
37.78042647583,-122.40630682558,SOUTHERN,South of Market,6.0,0,1,2025-06-01,143.89379461104255,7,3377,False
37.77943381551,-122.40751381963,SOUTHERN,South of Market,6.0,0,2,2025-06-01,117.66501726945232,7,4308,False
37.78040315668,-122.40746553987,SOUTHERN,South of Market,6.0,0,1,2025-06-01,172.85867880425255,8,4128,False
37.77034953299,-122.44499266148,PARK,Haight Ashbury,5.0,0,0,2025-06-01,286.41312320290467,6,384,False
37.77752451012,-122.40603055805,SOUTHERN,South of Market,6.0,0,1,2025-06-01,37.54684413688536,6,3607,False
37.80728074716,-122.40801103413,CENTRAL,Fishermans Wharf,3.0,0,1,2025-06-01,231.4371158960362,8,120,False
37.77676978427,-122.40503747016,SOUTHERN,South of Market,6.0,0,0,2025-06-01,86.58253902094823,6,2992,False
37.71790978892,-122.48473260552,TARAVAL,Parkmerced,7.0,0,0,2025-06-01,631.9171101674011,0,2,False
37.7708128698,-122.50953511271,RICHMOND,Golden Gate Park,1.0,0,2,2025-06-01,118.72598763943063,11,51,False
37.72005799328,-122.48468600214,TARAVAL,Parkmerced,7.0,0,0,2025-06-01,787.1060859518184,0,1,False
37.7710389066,-122.51032900902,RICHMOND,Golden Gate Park,1.0,1,0,2025-06-01,128.51799684854464,11,50,False
37.77845015177,-122.41083640605,SOUTHERN,South of Market,6.0,0,1,2025-06-01,246.77427647730923,7,6610,False
37.72722114154,-122.48204067349,TARAVAL,Lakeshore,7.0,0,0,2025-06-01,664.4714816537688,0,2,False
37.80696843648,-122.410373725,CENTRAL,Fishermans Wharf,3.0,0,0,2025-06-01,195.36291408050909,9,175,False
37.77023241122,-122.50786060277,RICHMOND,Golden Gate Park,1.0,0,0,2025-06-01,150.48016380916434,12,43,False
37.80673850716,-122.41200450808,CENTRAL,Fishermans Wharf,3.0,0,0,2025-06-01,185.66505704621218,10,197,False
37.72504476973,-122.48476311564,TARAVAL,Lakeshore,7.0,0,0,2025-06-01,780.8929933110718,0,2,False
37.7199264507,-122.48519461602,TARAVAL,Lakeshore,7.0,0,0,2025-06-01,754.4938989288635,0,1,False
37.77245752308,-122.44986925274,PARK,Panhandle,5.0,0,0,2025-06-01,187.83090288452686,9,357,False
37.77396254989,-122.41309482604,SOUTHERN,South of Market,6.0,1,0,2025-06-01,523.1789618569002,0,5428,False
37.71428316038,-122.48407110572,TARAVAL,Lakeshore,7.0,0,3,2025-06-01,495.39484852416194,1,1,False
37.76679949822,-122.50782571416,RICHMOND,Golden Gate Park,4.0,0,1,2025-06-01,16.16094262065492,13,45,False
37.77648543507,-122.41236694157,SOUTHERN,South of Market,6.0,0,1,2025-06-01,327.02112384188075,4,6415,False
37.76581851533,-122.50571930581,RICHMOND,Golden Gate Park,1.0,0,1,2025-06-01,129.25782993198925,14,54,False
37.79857502264,-122.40809451789,CENTRAL,North Beach,3.0,0,1,2025-06-01,226.5216973404206,20,753,False
37.71978244314,-122.43979621679,INGLESIDE,Cayuga,11.0,0,1,2024-10-01,525.7181799176964,0,58,False
37.72857408224,-122.44374409318,INGLESIDE,Sunnyside,7.0,0,0,2024-10-01,195.87905449052536,7,27,False
37.72913651857,-122.44241707027,INGLESIDE,Mission Terrace,7.0,0,0,2024-10-01,250.60572802097104,7,28,False
37.72960136724,-122.44129020721,INGLESIDE,Mission Terrace,7.0,0,0,2024-10-01,210.6431881975052,6,30,False
37.7276234199,-122.45215080678,INGLESIDE,Sunnyside,7.0,0,0,2024-10-01,477.726537288754,1,40,False
37.74570247547,-122.44028974324,MISSION,Diamond Heights,8.0,0,0,2024-10-01,73.76794902948274,9,24,False
37.74241869155,-122.43545908481,INGLESIDE,Fairmount,8.0,0,0,2024-10-01,156.81054360738068,4,20,False
37.74680481432,-122.41275150329,INGLESIDE,Bernal Heights,9.0,0,0,2024-10-01,44.571822984044736,4,201,False
37.74779473137,-122.41485971957,INGLESIDE,Bernal Heights,9.0,0,0,2024-10-01,162.8195360388563,5,371,False
37.73740551001,-122.40908961743,INGLESIDE,Bernal Heights,9.0,0,0,2024-10-01,611.3275401089936,0,209,False
37.7422726067,-122.41236761212,INGLESIDE,Bernal Heights,9.0,0,0,2024-10-01,348.40783323076874,4,83,False
37.73728168745,-122.42103584111,INGLESIDE,Holly Park,9.0,0,0,2024-10-01,41.80653887134057,6,123,False
37.72271929339,-122.41767369211,INGLESIDE,University Mound,9.0,0,0,2024-10-01,80.5448157369257,9,4,False
37.71904489726,-122.40999083966,INGLESIDE,Portola,10.0,0,0,2024-10-01,237.55636503161216,5,21,False
37.72008769641,-122.40609392524,INGLESIDE,Visitacion Valley,10.0,0,0,2024-10-01,486.59164374087266,1,36,False
37.71960687553,-122.40071475506,INGLESIDE,Portola,10.0,0,0,2024-10-01,630.9727798174463,0,42,False
37.71792570178,-122.40015920252,INGLESIDE,Portola,10.0,0,1,2024-10-01,578.8302410267257,0,38,False
37.71730987184,-122.40018066019,INGLESIDE,Portola,10.0,0,0,2024-10-01,551.42710494147,0,46,False
37.71539206718,-122.39954698831,INGLESIDE,Portola,10.0,0,0,2024-10-01,555.8956263642166,0,42,False
37.78552524327,-122.39469688386,SOUTHERN,Rincon Hill,6.0,1,0,2024-10-01,99.65117293515162,1,629,False
37.77915530644,-122.40030068904,SOUTHERN,South of Market,6.0,10,2,2024-10-01,248.25270970303788,1,1541,False
37.71265199489,-122.41197265685,INGLESIDE,Visitacion Valley,10.0,0,0,2024-10-01,287.9817459486875,6,14,False
37.79520271251,-122.39412255585,CENTRAL,Financial District,3.0,2,0,2024-10-01,47.23670334380708,7,249,False
37.80817422921,-122.41644658148,CENTRAL,Fishermans Wharf,3.0,1,0,2024-10-01,90.10009625163995,3,130,False
37.74813327254,-122.39092838019,BAYVIEW,Central Waterfront,10.0,1,0,2024-10-01,421.52125129211583,1,159,False
37.74636738024,-122.38627776504,BAYVIEW,Central Waterfront,10.0,1,0,2024-10-01,30.55434793658524,3,92,False
37.74672316016,-122.390775159,BAYVIEW,Central Waterfront,10.0,2,0,2024-10-01,389.1550540042491,3,138,False
37.75439799293,-122.38327033818,BAYVIEW,Central Waterfront,10.0,1,0,2024-10-01,581.4175306387428,0,77,False
37.75979648818,-122.38672636449,BAYVIEW,Central Waterfront,10.0,0,0,2024-10-01,118.75062637900058,5,153,False
37.78756126021,-122.38742507994,SOUTHERN,Rincon Hill,6.0,1,0,2024-10-01,257.09421968595916,1,327,False
37.76333395091,-122.40565538406,BAYVIEW,Potrero Hill,10.0,2,0,2024-10-01,285.96854589508524,4,980,False
37.71799021545,-122.41832402882,INGLESIDE,McLaren Park,10.0,0,1,2025-01-01,285.20778304724104,8,1,False
37.73616515388,-122.50552542508,TARAVAL,Parkside,4.0,0,0,2025-01-01,481.38065415583293,1,25,False
37.73703377656,-122.50597469509,TARAVAL,Parkside,4.0,0,0,2025-01-01,397.4503736164985,1,26,False
37.7380874584,-122.50639278442,TARAVAL,Outer Sunset,4.0,0,0,2025-01-01,299.12471439038296,1,26,False
37.73864770135,-122.50649403781,TARAVAL,Outer Sunset,4.0,0,0,2025-01-01,249.18846913508696,1,27,False
37.74036976563,-122.50677935779,TARAVAL,Outer Sunset,4.0,0,0,2025-01-01,96.40591683042648,1,35,False
37.74205679299,-122.50702142715,TARAVAL,Outer Sunset,4.0,0,0,2025-01-01,55.52942925212655,1,21,False
37.74546307648,-122.50661272556,TARAVAL,Outer Sunset,4.0,0,0,2025-01-01,356.5328545345888,1,29,False
37.74724675268,-122.50730406493,TARAVAL,Outer Sunset,4.0,0,0,2025-01-01,511.053418840199,0,28,False
37.7475799942,-122.50772818923,TARAVAL,Outer Sunset,4.0,0,0,2025-01-01,542.9031111081357,0,27,False
37.74866480821,-122.50784989446,TARAVAL,Outer Sunset,4.0,0,0,2025-01-01,638.6830507110631,0,30,False
37.75121824705,-122.50819422305,TARAVAL,Outer Sunset,4.0,0,0,2025-01-01,801.1557007074646,0,23,True
37.75162251578,-122.50831257552,TARAVAL,Outer Sunset,4.0,0,0,2025-01-01,764.5421375151672,0,22,False
37.75295035733,-122.5051965192,TARAVAL,Outer Sunset,4.0,0,1,2025-01-01,631.4920979619316,0,32,False
37.75324062896,-122.50849697739,TARAVAL,Outer Sunset,4.0,0,0,2025-01-01,621.729447670002,0,27,False
37.75399214886,-122.5085010007,TARAVAL,Outer Sunset,4.0,0,0,2025-01-01,556.5740197857915,0,27,False
37.75474525161,-122.50802289695,TARAVAL,Outer Sunset,4.0,0,0,2025-01-01,498.22455892597526,1,46,False
37.75593016017,-122.5088339299,TARAVAL,Outer Sunset,4.0,0,0,2025-01-01,384.0367594532453,2,54,False
37.7565745622,-122.50868171453,TARAVAL,Outer Sunset,4.0,0,0,2025-01-01,330.2883258091685,2,64,False
37.75800012603,-122.50912528485,TARAVAL,Outer Sunset,4.0,0,0,2025-01-01,200.7626442912491,2,79,False
37.75846373318,-122.50818751752,TARAVAL,Outer Sunset,4.0,0,0,2025-01-01,183.02140486654477,2,82,False
37.75907126887,-122.50914976001,TARAVAL,Outer Sunset,4.0,0,0,2025-01-01,108.52818825968173,2,84,False
37.7599420083,-122.50914171338,TARAVAL,Outer Sunset,4.0,0,0,2025-01-01,32.170231398035526,2,83,False
37.76015167341,-122.50943977386,TARAVAL,Outer Sunset,4.0,0,0,2025-01-01,13.822593710524046,2,82,False
37.78352865215,-122.41918008775,TENDERLOIN,Tenderloin,6.0,1,0,2025-01-01,131.64976059051008,12,3597,False
37.76078835191,-122.50925470144,TARAVAL,Outer Sunset,4.0,0,0,2025-01-01,42.91983371297849,5,84,False
37.75988422439,-122.5093619898,TARAVAL,Outer Sunset,4.0,0,0,2025-01-01,36.407682169721284,2,82,False
37.76167895044,-122.50960003585,TARAVAL,Outer Sunset,4.0,0,0,2025-01-01,125.83004794718812,7,80,False
37.76269782443,-122.50973682851,TARAVAL,Outer Sunset,4.0,0,0,2025-01-01,215.66607060197333,13,81,False
37.76286480816,-122.50967312604,TARAVAL,Outer Sunset,4.0,0,0,2025-01-01,228.77517024101766,13,81,False
37.76383913746,-122.50946123153,TARAVAL,Outer Sunset,4.0,0,0,2025-01-01,217.2113788126142,13,77,False
37.76065529133,-122.50601392239,TARAVAL,Outer Sunset,4.0,0,1,2025-01-01,277.878538052497,4,90,False
37.78745368446,-122.41904396564,NORTHERN,Lower Nob Hill,3.0,2,2,2025-01-01,194.31083363803384,5,3182,False
37.76422849452,-122.50527195632,TARAVAL,Golden Gate Park,1.0,0,0,2025-01-01,35.28764715924479,14,71,False
37.76449168707,-122.49838169664,TARAVAL,Outer Sunset,4.0,0,0,2025-01-01,350.4021654100718,3,35,False
37.76460989813,-122.49591305852,TARAVAL,Outer Sunset,4.0,0,0,2025-01-01,301.64252913468084,6,36,False
37.76501541891,-122.4848774448,TARAVAL,Outer Sunset,4.0,0,0,2025-01-01,392.6519841257038,2,48,False
37.76527860866,-122.48058624566,TARAVAL,Outer Sunset,4.0,0,0,2025-01-01,354.7782066503602,4,75,False
37.76536368792,-122.47767370194,TARAVAL,Outer Sunset,4.0,0,1,2025-01-01,123.97049675607215,5,70,False
37.77052233002,-122.44296759367,PARK,Buena Vista,5.0,0,0,2025-01-01,208.41332421256894,6,417,False
37.80028324072,-122.44115609676,NORTHERN,Marina,2.0,0,1,2025-01-01,399.8390886209122,1,225,False
37.77027797582,-122.44476132095,PARK,Haight Ashbury,5.0,0,0,2025-01-01,301.8700620744198,6,381,False
37.72411660342,-122.39146851003,BAYVIEW,Bayview,10.0,1,2,2025-01-01,186.87625269853768,4,83,False
37.76979085519,-122.44874138385,PARK,Haight Ashbury,5.0,0,1,2025-01-01,200.5721074740852,10,363,False
37.80098659758,-122.43447739631,NORTHERN,Marina,2.0,1,0,2025-01-01,45.30248615066278,4,374,False
37.72388668156,-122.38974317908,BAYVIEW,Bayview,10.0,1,0,2025-01-01,323.9323332236459,3,77,False
37.72133999074,-122.38691110164,BAYVIEW,Hunters Point,10.0,0,1,2025-01-01,353.04478615842424,3,49,False
37.72137526259,-122.38710086793,BAYVIEW,Bret Harte,10.0,0,1,2025-01-01,355.42281399326964,3,50,False
37.72370502423,-122.38893885165,BAYVIEW,Bayview,10.0,1,0,2025-01-01,394.45965114514513,3,73,False
37.7692499302,-122.45190873742,PARK,Haight Ashbury,5.0,1,0,2025-01-01,111.26268362426903,23,256,False
37.72266784515,-122.3893244192,BAYVIEW,Bret Harte,10.0,0,1,2025-01-01,412.75214630388706,5,70,False
37.72591007545,-122.38666903228,BAYVIEW,Hunters Point,10.0,0,0,2025-01-01,501.3991354824911,0,76,False
37.72954515067,-122.39162575454,BAYVIEW,Bayview,10.0,0,0,2025-01-01,262.23064414645404,6,140,False
37.78990616076,-122.39442866296,SOUTHERN,South of Market,6.0,1,0,2025-01-01,290.73489207720786,7,440,False
37.77079857636,-122.50951021288,RICHMOND,Golden Gate Park,1.0,0,1,2025-01-01,118.55443604530836,11,51,False
37.72688383064,-122.38596327603,BAYVIEW,Hunters Point,10.0,0,0,2025-01-01,396.50016169446457,2,62,False
37.72621212126,-122.38394491374,BAYVIEW,Hunters Point,10.0,0,0,2025-01-01,406.2233833876782,2,51,False
37.72534496275,-122.38180819899,BAYVIEW,Hunters Point,10.0,0,0,2025-01-01,512.0704062632433,0,29,False
37.72567777249,-122.38127142191,BAYVIEW,Hunters Point,10.0,0,0,2025-01-01,503.39703301932684,0,26,False
37.7262590589,-122.38230641931,BAYVIEW,Hunters Point,10.0,0,0,2025-01-01,422.05397540141416,3,31,False
37.76553729173,-122.47393772006,TARAVAL,Inner Sunset,7.0,0,0,2025-01-01,247.01894605029838,4,60,False
37.72749189076,-122.38262191415,BAYVIEW,Hunters Point,10.0,1,2,2025-01-01,310.67101484156956,4,36,False
37.79560435639,-122.39482328296,CENTRAL,Financial District,3.0,1,0,2025-01-01,87.93628615093142,7,262,False
37.72791246498,-122.38080706447,BAYVIEW,Hunters Point,10.0,0,1,2025-01-01,341.57723774470236,4,28,False
37.76570665443,-122.47127361596,TARAVAL,Inner Sunset,7.0,0,0,2025-01-01,273.339297225776,10,76,False
37.72910072006,-122.38417357206,BAYVIEW,Bayview,10.0,0,0,2025-01-01,156.4174221865622,5,47,False
37.72840649077,-122.37324625254,BAYVIEW,Hunters Point,10.0,0,0,2025-01-01,411.8121599891194,3,7,False
37.72969842028,-122.37351313233,BAYVIEW,Hunters Point,10.0,0,0,2025-01-01,309.5200453655263,2,7,False
37.76832867893,-122.45173707604,PARK,Cole Valley,8.0,0,0,2025-01-01,171.18261045284294,21,262,False
37.80531812146,-122.4156767875,CENTRAL,North Beach,3.0,1,0,2025-01-01,299.10160364416055,8,210,False
37.76386961818,-122.46880229563,TARAVAL,Inner Sunset,7.0,0,0,2025-01-01,260.4987020635048,4,101,False
37.76769524577,-122.45060283691,PARK,Cole Valley,8.0,1,0,2025-01-01,216.95003207354236,19,261,False
37.72920625931,-122.37103544176,BAYVIEW,Hunters Point,10.0,0,0,2025-01-01,312.8845494211573,2,7,False
37.72887956446,-122.36702285707,BAYVIEW,Hunters Point,10.0,0,0,2025-01-01,136.90540189296792,2,4,False
37.73738403331,-122.37931273878,BAYVIEW,India Basin,10.0,0,0,2025-01-01,331.11543469281366,7,20,False
37.73880864115,-122.38096598536,BAYVIEW,India Basin,10.0,0,1,2025-01-01,281.4479489467166,8,38,False
37.74221162746,-122.3830902949,BAYVIEW,India Basin,10.0,1,1,2025-01-01,331.4220979141806,8,136,False
37.78108576875,-122.42387630045,NORTHERN,Cathedral Hill,5.0,1,0,2025-01-01,116.6387236858497,8,2362,False
37.78873371979,-122.42220662534,NORTHERN,Cathedral Hill,2.0,0,1,2025-01-01,454.82555801297696,3,2080,False
37.78959563131,-122.39822298288,SOUTHERN,Financial District,6.0,0,1,2025-01-01,165.50990102503056,2,803,False
37.78120368829,-122.42319133133,NORTHERN,Cathedral Hill,5.0,0,1,2025-01-01,175.77164623226474,8,2422,False
37.76744319617,-122.43563275784,PARK,Duboce Triangle,8.0,0,0,2025-01-01,209.04726534742272,11,1127,False
37.7636856735,-122.47460726649,TARAVAL,Inner Sunset,7.0,0,0,2025-01-01,152.3641755319981,3,70,False
37.78618846526,-122.42169264704,NORTHERN,Cathedral Hill,5.0,0,1,2025-01-01,310.30672762612977,3,2671,False
37.7732891476,-122.43764206767,NORTHERN,Panhandle,5.0,0,1,2025-01-01,340.3385187893207,9,518,False
37.78696959163,-122.39584855735,SOUTHERN,South of Market,6.0,0,1,2025-01-01,138.56819918910787,2,677,False
37.78758139753,-122.39695999771,SOUTHERN,South of Market,6.0,1,0,2025-01-01,247.7481800767313,2,756,False
37.77849255134,-122.42341697216,NORTHERN,Hayes Valley,5.0,0,1,2025-01-01,241.21017408025475,10,3484,False
37.76401778078,-122.47870903462,TARAVAL,Outer Sunset,4.0,0,1,2025-01-01,218.4663170257736,3,77,False
37.73990180293,-122.38622747362,BAYVIEW,Bayview,10.0,1,2,2025-01-01,47.56223865848668,7,228,False
37.74235214477,-122.38924730569,BAYVIEW,Bayview,10.0,0,0,2025-01-01,161.25504314891415,6,226,False
37.7402472737,-122.39033225924,BAYVIEW,Bayview,10.0,0,0,2025-01-01,332.1639663844696,7,275,False
37.77452437631,-122.42303542793,NORTHERN,Lower Haight,6.0,0,1,2025-01-01,176.27549506693467,3,4503,False
37.78199387682,-122.41296172142,TENDERLOIN,Tenderloin,6.0,1,0,2025-01-01,162.72732113903507,14,5524,False
37.78463652178,-122.41106539965,TENDERLOIN,Tenderloin,5.0,2,0,2025-01-01,71.52669453168285,11,3750,False
37.77467675774,-122.44123890996,PARK,Panhandle,5.0,0,0,2025-01-01,193.6850865095431,2,584,False
37.78443169566,-122.41271160543,TENDERLOIN,Tenderloin,5.0,1,0,2025-01-01,41.97712248141382,13,4320,False
37.77366228902,-122.4423282221,PARK,Panhandle,5.0,0,2,2025-01-01,72.78796518506459,6,556,False
37.7829507303,-122.41325475276,TENDERLOIN,Tenderloin,5.0,1,0,2025-01-01,152.12363422818368,17,4862,False
37.78423110861,-122.41438228637,TENDERLOIN,Tenderloin,5.0,2,0,2025-01-01,108.23796833429255,14,4577,False
37.73746012975,-122.39623814821,BAYVIEW,Silver Terrace,10.0,0,0,2025-01-01,558.8023264898893,0,206,False
37.78512910904,-122.41451572627,TENDERLOIN,Tenderloin,5.0,7,0,2025-01-01,89.16446162554207,12,4314,False
37.73864425453,-122.3952748999,BAYVIEW,Bayview,10.0,0,1,2025-01-01,544.7203784470917,0,208,False
37.79361333645,-122.39190235734,SOUTHERN,Financial District,6.0,1,0,2025-01-01,23.59743751624223,6,222,False
37.73868163926,-122.39810362458,BAYVIEW,Silver Terrace,10.0,0,0,2025-01-01,488.48657947976125,1,234,False
37.78648125613,-122.41909325123,NORTHERN,Lower Nob Hill,3.0,3,0,2025-01-01,121.3104971443519,8,3292,False
37.74007970865,-122.39815827459,BAYVIEW,Produce Market,10.0,0,0,2025-01-01,365.8316122302492,1,248,False
37.78444096982,-122.3923972249,SOUTHERN,Rincon Hill,6.0,0,1,2025-01-01,252.9990072495435,1,710,False
37.77248322991,-122.42288958281,SOUTHERN,Lower Haight,6.0,0,1,2025-01-01,333.46702912725135,1,4711,False
37.7852894178,-122.41963203996,NORTHERN,Tenderloin,6.0,1,0,2025-01-01,121.73370616627184,8,3481,False
37.78580717296,-122.39066652954,SOUTHERN,Rincon Hill,6.0,0,2,2025-01-01,327.4523927074374,2,490,False
37.73965231,-122.40005861968,BAYVIEW,Apparel City,10.0,0,2,2025-01-01,423.87843828076313,1,348,False
37.78165708053,-122.42049638182,NORTHERN,Civic Center,5.0,1,0,2025-01-01,117.69349962035275,13,3091,False
37.73863126266,-122.40241426975,BAYVIEW,Apparel City,10.0,0,0,2025-01-01,533.3243561603897,0,499,False
37.73867766216,-122.40080595016,BAYVIEW,Silver Terrace,10.0,2,1,2025-01-01,526.9617249756124,0,373,False
37.78345657778,-122.41675570607,TENDERLOIN,Tenderloin,6.0,1,0,2025-01-01,82.47981088793887,17,4818,False
37.78555306533,-122.42956224829,NORTHERN,Japantown,5.0,0,1,2025-01-01,249.43963819880975,5,687,False
37.78406947267,-122.41175875068,TENDERLOIN,Tenderloin,5.0,1,0,2025-01-01,21.933446661301076,10,4188,False
37.77286989128,-122.44729299098,PARK,Panhandle,5.0,0,0,2025-01-01,53.24692839380308,6,445,False
37.78625444267,-122.42827545851,NORTHERN,Japantown,5.0,1,0,2025-01-01,350.977313080398,6,771,False
37.78655730207,-122.42941137403,NORTHERN,Japantown,5.0,0,1,2025-01-01,251.36542730637993,5,676,False
37.74103100646,-122.39991713315,BAYVIEW,Produce Market,10.0,0,2,2025-01-01,306.39186606248205,1,494,False
37.74120307658,-122.39854283631,BAYVIEW,Produce Market,10.0,0,1,2025-01-01,265.85915100626386,1,271,False
37.74390020358,-122.39895556122,BAYVIEW,Produce Market,10.0,1,0,2025-01-01,47.817705097779985,1,381,False
37.74447896087,-122.39840738475,BAYVIEW,Produce Market,10.0,0,0,2025-01-01,23.884082285900877,1,349,False
37.78448098117,-122.43310712278,NORTHERN,Lower Pacific Heights,5.0,0,2,2025-01-01,181.74488592592715,8,555,False
37.78673006122,-122.41245143116,CENTRAL,Tenderloin,5.0,1,0,2025-01-01,85.7935757482358,11,2889,False
37.74725762216,-122.39579424262,BAYVIEW,Central Waterfront,10.0,1,2,2025-01-01,357.4904921515121,1,79,False
37.76183400892,-122.49535951763,TARAVAL,Outer Sunset,4.0,0,0,2025-01-01,489.4267502867082,1,44,False
37.78264229149,-122.39531479776,SOUTHERN,South of Market,6.0,1,0,2025-01-01,357.7253672903223,1,764,False
37.76389320759,-122.49545071274,TARAVAL,Outer Sunset,4.0,0,0,2025-01-01,344.7071483156637,2,34,False
37.77104601914,-122.45215047151,PARK,Haight Ashbury,5.0,0,1,2025-01-01,128.65410734368342,20,267,False
37.77169718005,-122.44921579957,PARK,Panhandle,5.0,0,0,2025-01-01,135.23481479300233,8,401,False
37.76108362892,-122.49535080045,TARAVAL,Outer Sunset,4.0,0,0,2025-01-01,548.4080567676666,0,44,False
37.77235390063,-122.44439754635,PARK,Panhandle,5.0,0,0,2025-01-01,174.46163714900575,6,499,False
37.74612453693,-122.39413429052,BAYVIEW,Produce Market,10.0,3,0,2025-01-01,419.40204552868664,1,100,False
37.74468098136,-122.39550288767,BAYVIEW,Produce Market,10.0,0,3,2025-01-01,267.97935985707386,1,149,False
37.75779708161,-122.49512314796,TARAVAL,Outer Sunset,4.0,0,0,2025-01-01,633.2413794522867,0,38,False
37.74362792361,-122.39621333778,BAYVIEW,Produce Market,10.0,0,0,2025-01-01,209.5800547447903,1,211,False
37.75428692283,-122.49483682215,TARAVAL,Outer Sunset,4.0,0,0,2025-01-01,392.89138043966153,2,31,False
37.74516906271,-122.40058835596,BAYVIEW,Produce Market,10.0,1,1,2025-01-01,198.88373890835686,1,444,False
37.74709192875,-122.40317031741,BAYVIEW,Produce Market,10.0,0,0,2025-01-01,326.46848181042935,3,989,False
37.75230433319,-122.49463297427,TARAVAL,Outer Sunset,4.0,0,0,2025-01-01,318.89945515533316,3,25,False
37.78324830365,-122.42187034339,NORTHERN,Cathedral Hill,5.0,0,1,2025-01-01,299.2819810316085,11,2531,False
37.74497552731,-122.40293998271,BAYVIEW,Produce Market,10.0,0,1,2025-01-01,392.9100393117271,2,646,False
37.7738809257,-122.44771577418,PARK,Panhandle,5.0,0,0,2025-01-01,129.88898862882525,6,431,False
37.7445675106,-122.40308951586,BAYVIEW,Produce Market,10.0,0,0,2025-01-01,401.6650346819836,1,593,False
37.74998554516,-122.49445661902,TARAVAL,Outer Sunset,4.0,0,0,2025-01-01,325.55239675845354,3,25,False
37.74280259372,-122.40152779967,BAYVIEW,Produce Market,10.0,0,1,2025-01-01,291.9196318633078,1,557,False
37.7747422154,-122.447357364,PARK,Panhandle,5.0,0,0,2025-01-01,208.03139578261238,5,388,False
37.74228851432,-122.40226373076,BAYVIEW,Produce Market,10.0,2,3,2025-01-01,369.8399848694739,1,591,False
37.78201216076,-122.4033671245,SOUTHERN,South of Market,6.0,0,1,2025-01-01,130.807334821526,5,1990,False
37.7454702346,-122.49414112419,TARAVAL,Parkside,4.0,0,0,2025-01-01,365.4175015649855,1,33,False
37.77878325273,-122.40208134055,SOUTHERN,South of Market,6.0,0,0,2025-01-01,231.23739623354942,6,1902,False
37.7420292197,-122.40472666919,BAYVIEW,Apparel City,10.0,0,0,2025-01-01,577.5700629560712,0,595,False
37.77502339119,-122.45255548507,PARK,Lone Mountain,1.0,0,1,2025-01-01,309.29039125941944,10,169,False
37.77839264732,-122.40170951933,SOUTHERN,South of Market,6.0,2,1,2025-01-01,266.6221928041901,6,1800,False
37.77014123911,-122.47181856774,RICHMOND,Golden Gate Park,1.0,0,1,2025-01-01,122.49652442639758,10,37,False
37.74048165202,-122.40547668189,BAYVIEW,Apparel City,10.0,2,2,2025-01-01,693.1815597728928,0,523,False
37.73684048503,-122.4057713896,BAYVIEW,Apparel City,10.0,1,1,2025-01-01,445.0900017723772,2,317,False
37.77728309409,-122.40222383291,SOUTHERN,South of Market,6.0,1,1,2025-01-01,336.59645039387124,6,1994,False
37.77068301084,-122.47444952999,RICHMOND,Golden Gate Park,7.0,1,0,2025-01-01,214.61530341016618,10,39,False
37.7380641259,-122.40492515266,BAYVIEW,Apparel City,10.0,2,0,2025-01-01,509.35247848188243,0,407,False
37.73410491832,-122.49248921871,TARAVAL,Parkside,4.0,0,0,2025-01-01,469.57232925385046,2,34,False
37.73393071044,-122.49868713319,TARAVAL,Lakeshore,7.0,0,0,2025-01-01,358.60840660610194,2,25,False
37.77306414877,-122.47325845063,RICHMOND,Golden Gate Park,1.0,0,0,2025-01-01,173.449711043229,9,60,False
37.7727720998,-122.48065263033,RICHMOND,Outer Richmond,1.0,0,0,2025-01-01,199.470043091851,5,37,False
37.76811744071,-122.47861062729,RICHMOND,Golden Gate Park,4.0,0,1,2025-01-01,226.50582677437464,6,50,False
37.73214936499,-122.40655023605,BAYVIEW,Portola,9.0,1,0,2025-01-01,312.5946117260822,9,69,False
37.77261891939,-122.48284801841,RICHMOND,Golden Gate Park,1.0,0,0,2025-01-01,298.56241285071604,5,32,False
37.79128214665,-122.3943116117,SOUTHERN,Financial District,6.0,1,0,2025-01-01,292.9747832729315,8,389,False
37.77265072158,-122.4827792868,RICHMOND,Outer Richmond,1.0,0,0,2025-01-01,295.51426077227836,5,32,False
37.77849387633,-122.40763921291,SOUTHERN,South of Market,6.0,0,1,2025-01-01,116.92882328745817,6,4664,False
37.73235433592,-122.40556251258,BAYVIEW,Portola,9.0,0,1,2025-01-01,224.50405877629183,8,66,False
37.77246282346,-122.48570557684,RICHMOND,Golden Gate Park,1.0,0,0,2025-01-01,141.27306126806704,5,20,False
37.77253782375,-122.4864462018,RICHMOND,Outer Richmond,1.0,0,0,2025-01-01,97.32372384696522,5,21,False
37.79451664276,-122.39392953526,CENTRAL,Financial District,3.0,2,0,2025-01-01,59.45837026048296,7,262,False
37.77232633863,-122.48965915293,RICHMOND,Outer Richmond,1.0,0,0,2025-01-01,186.4807882481252,8,18,False
37.78010610187,-122.40729488432,SOUTHERN,South of Market,6.0,0,1,2025-01-01,142.93734250719555,7,4072,False
37.72650965771,-122.39778980613,,Bayview,,0,2,2025-01-01,398.2539468331373,3,60,False
37.7721946239,-122.49217975885,RICHMOND,Golden Gate Park,1.0,0,0,2025-01-01,256.43131102977486,10,13,False
37.78112101214,-122.40747123957,SOUTHERN,South of Market,6.0,1,0,2025-01-01,227.62258384868423,9,3997,False
37.7486891285,-122.40460189164,MISSION,Peralta Heights,9.0,1,0,2025-01-01,140.58664399376033,2,1097,False
37.72231910997,-122.39681951702,BAYVIEW,Bret Harte,10.0,0,0,2025-01-01,404.88938179687585,4,46,False
37.7807542681,-122.40676179528,SOUTHERN,South of Market,6.0,1,0,2025-01-01,176.56488308806257,7,3622,False
37.77779984533,-122.41195891052,SOUTHERN,South of Market,6.0,0,1,2025-01-01,228.01470171684,5,6603,False
37.77159276147,-122.50515058637,RICHMOND,Golden Gate Park,1.0,0,0,2025-01-01,200.28576607927215,12,38,False
37.7340076059,-122.50711798668,TARAVAL,Lakeshore,7.0,0,0,2025-01-01,650.9742169211642,0,17,False
37.77159806191,-122.50599581748,RICHMOND,Outer Richmond,1.0,0,0,2025-01-01,216.4124683844855,12,48,False
37.77197590296,-122.47988980417,RICHMOND,Golden Gate Park,1.0,1,0,2025-01-01,126.43463624098675,5,30,False
37.73428177734,-122.40541230887,BAYVIEW,Silver Terrace,10.0,0,1,2025-01-01,257.889218390004,2,148,False
37.77155539337,-122.50864047557,RICHMOND,Outer Richmond,1.0,0,0,2025-01-01,215.55231128742295,12,56,False
37.77214904048,-122.50894825906,RICHMOND,Outer Richmond,1.0,0,0,2025-01-01,246.7498043638169,10,56,False
37.78059553945,-122.40896522999,SOUTHERN,South of Market,6.0,0,1,2025-01-01,279.78116670051725,9,5472,False
37.77199161845,-122.50997755677,RICHMOND,Outer Richmond,1.0,0,0,2025-01-01,211.06566407562138,10,53,False
37.74254356602,-122.40506663918,BAYVIEW,Apparel City,10.0,2,1,2025-01-01,592.8994112976382,0,572,False
37.77254233413,-122.48262649249,RICHMOND,Golden Gate Park,1.0,0,1,2025-01-01,279.10230805684813,5,31,False
37.77508195831,-122.51101154834,RICHMOND,Outer Richmond,1.0,0,0,2025-01-01,488.26705476619725,1,50,False
37.74862837226,-122.40405771337,MISSION,Peralta Heights,9.0,0,1,2025-01-01,172.40135416930556,2,1089,False
37.77617060914,-122.51168310642,RICHMOND,Sutro Heights,1.0,0,0,2025-01-01,593.580540849121,0,45,False
37.74713567184,-122.39742636681,BAYVIEW,Produce Market,10.0,0,0,2025-01-01,272.2898999224934,1,128,False
37.74895680668,-122.40511954848,MISSION,Peralta Heights,10.0,3,0,2025-01-01,102.64428196632291,2,1105,False
37.77916855618,-122.50436101109,RICHMOND,Sutro Heights,1.0,0,0,2025-01-01,495.89719683277696,1,40,False
37.77926474924,-122.50299911946,RICHMOND,Sutro Heights,1.0,0,0,2025-01-01,446.8021405702531,1,41,False
37.77411228235,-122.41968668997,SOUTHERN,South of Market,6.0,0,0,2025-01-01,448.2173425626112,3,5360,False
37.77932543294,-122.50008892268,RICHMOND,Outer Richmond,1.0,0,0,2025-01-01,257.08808917682825,2,46,False
37.7453808906,-122.38915342838,BAYVIEW,Central Waterfront,10.0,0,1,2025-01-01,273.0185233737735,3,178,False
37.71800632685,-122.49938551337,TARAVAL,Lakeshore,7.0,0,0,2025-01-01,667.13153938494,0,1,False
37.71739659756,-122.4987572059,TARAVAL,Lakeshore,7.0,0,0,2025-01-01,723.6829570175647,0,1,False
37.77264303605,-122.42291439325,SOUTHERN,Lower Haight,6.0,1,0,2025-01-01,319.81486303754696,2,4711,False
37.75206546269,-122.41903340428,MISSION,Mission,9.0,0,1,2025-01-01,41.17895470701291,4,665,False
37.78388156214,-122.39451621367,SOUTHERN,Rincon Hill,6.0,1,0,2025-01-01,238.71039105469544,1,705,False
37.71633095162,-122.49614071101,TARAVAL,Lakeshore,7.0,0,0,2025-01-01,683.1596473994432,0,1,False
37.77048761163,-122.4200528115,SOUTHERN,South of Market,6.0,0,1,2025-01-01,275.3068322668589,2,4800,False
37.71594744263,-122.49481335282,TARAVAL,Lakeshore,7.0,0,0,2025-01-01,566.2715298072368,0,0,False
37.71583790616,-122.49425310642,TARAVAL,Lakeshore,7.0,0,0,2025-01-01,520.1632454261655,0,0,False
37.75011491355,-122.39000469446,BAYVIEW,Central Waterfront,10.0,0,0,2025-01-01,438.9195419724267,1,213,False
37.7152369114,-122.4929767102,TARAVAL,Lakeshore,7.0,0,0,2025-01-01,398.7859558397771,1,0,False
37.75180472135,-122.41944574329,MISSION,Mission,9.0,1,0,2025-01-01,36.38149449739554,3,663,False
37.77403383848,-122.41695653647,SOUTHERN,South of Market,6.0,0,1,2025-01-01,412.21131137676133,3,5783,False
37.7137444819,-122.491549775,TARAVAL,Lakeshore,7.0,0,0,2025-01-01,220.9112272268757,1,0,False
37.7730869402,-122.41754025221,SOUTHERN,South of Market,6.0,0,2,2025-01-01,498.1938735541089,1,5374,False
37.75178647507,-122.41956625609,MISSION,Mission,9.0,1,0,2025-01-01,27.886634909510637,3,667,False
37.75139267934,-122.39040233195,BAYVIEW,Central Waterfront,10.0,0,0,2025-01-01,543.9348841358034,0,212,False
37.75336601535,-122.38887347281,BAYVIEW,Central Waterfront,10.0,0,0,2025-01-01,624.8928841914235,0,249,False
37.75294797153,-122.38587576896,BAYVIEW,Central Waterfront,10.0,1,2,2025-01-01,548.8507730512002,0,171,False
37.78128424445,-122.45672430843,RICHMOND,Lone Mountain,2.0,0,1,2025-01-01,242.7185275701909,4,145,False
37.74854034078,-122.4160022363,MISSION,Mission,9.0,0,1,2025-01-01,282.43764152980964,8,486,False
37.74874114596,-122.41587797868,MISSION,Mission,9.0,0,0,2025-01-01,283.0917606949955,7,489,False
37.78377269757,-122.44729902595,RICHMOND,Laurel Heights / Jordan Park,2.0,0,0,2025-01-01,111.20806209645907,5,290,False
37.78524940689,-122.44716458023,RICHMOND,Laurel Heights / Jordan Park,2.0,0,0,2025-01-01,136.57719881050076,5,292,False
37.78799697465,-122.39463155865,SOUTHERN,South of Market,6.0,1,0,2025-01-01,126.15128686398897,2,512,False
37.78581830174,-122.44725242257,RICHMOND,Laurel Heights / Jordan Park,2.0,0,0,2025-01-01,180.20229684003624,5,287,False
37.71725338072,-122.48485632241,TARAVAL,Parkmerced,7.0,0,0,2025-01-01,581.766168423086,0,2,False
37.75062231115,-122.40228049457,BAYVIEW,Potrero Hill,10.0,0,0,2025-01-01,273.7733072679744,3,1009,False
37.78609784558,-122.44691278785,RICHMOND,Laurel Heights / Jordan Park,2.0,0,0,2025-01-01,187.38718900412243,5,286,False
37.72018900521,-122.48482849449,TARAVAL,Parkmerced,7.0,0,0,2025-01-01,790.4842798289753,0,1,False
37.72051229074,-122.48476780951,TARAVAL,Parkmerced,7.0,0,0,2025-01-01,817.6832863174322,0,1,True
37.72472866411,-122.48492572457,TARAVAL,Lakeshore,7.0,0,0,2025-01-01,765.9314843466501,0,2,False
37.72135457685,-122.48520735651,TARAVAL,Lakeshore,7.0,0,0,2025-01-01,796.0530083492017,0,1,False
37.78385484079,-122.4775057286,RICHMOND,Inner Richmond,1.0,0,0,2025-01-01,64.91193922451112,4,207,False
37.71298186393,-122.49056055202,TARAVAL,Lakeshore,7.0,0,0,2025-09-01,112.54213474905029,1,0,False
37.71321973904,-122.49115489245,TARAVAL,Lakeshore,7.0,0,0,2025-09-01,168.63201509012927,1,0,False
37.71347400812,-122.49110430974,TARAVAL,Lakeshore,7.0,0,0,2025-09-01,175.18481433697596,1,0,False
37.71352903366,-122.49131506217,TARAVAL,Lakeshore,7.0,0,0,2025-09-01,193.54589397542466,1,0,False
37.71365593193,-122.49166596784,TARAVAL,Lakeshore,7.0,0,0,2025-09-01,225.85582797714324,1,0,False
37.71377598451,-122.49147497361,TARAVAL,Lakeshore,7.0,0,0,2025-09-01,216.8390734744526,1,0,False
37.7140114315,-122.49174933712,TARAVAL,Lakeshore,7.0,0,0,2025-09-01,248.3195415070844,1,0,False
37.71397740976,-122.49172341474,TARAVAL,Lakeshore,7.0,0,0,2025-09-01,244.76715197590994,1,0,False
37.71416344318,-122.49178067812,TARAVAL,Lakeshore,7.0,0,0,2025-09-01,258.23648196457464,1,0,False
37.71402976971,-122.49189535018,TARAVAL,Lakeshore,7.0,0,0,2025-09-01,259.90410671515974,1,0,False
37.7142103396,-122.49198011076,TARAVAL,Lakeshore,7.0,0,0,2025-09-01,274.8849263822974,1,0,False
37.71444002923,-122.49200275398,TARAVAL,Lakeshore,7.0,0,0,2025-09-01,288.3980424157921,1,0,False
37.71457944241,-122.49209630107,TARAVAL,Lakeshore,7.0,0,0,2025-09-01,302.41221585590836,1,0,False
37.71482453784,-122.49232230942,TARAVAL,Lakeshore,7.0,0,0,2025-09-01,331.3583686365036,1,0,False
37.71490984278,-122.49238173655,TARAVAL,Lakeshore,7.0,0,0,2025-09-01,340.1470513606626,1,0,False
37.71502283497,-122.49256790203,TARAVAL,Lakeshore,7.0,0,0,2025-09-01,359.0538824468532,1,0,False
37.71505044795,-122.49256837325,TARAVAL,Lakeshore,7.0,0,0,2025-09-01,360.6268807481526,1,0,False
37.71511786889,-122.49266166625,TARAVAL,Lakeshore,7.0,0,0,2025-09-01,370.70502141756333,1,0,False
37.71534591377,-122.49297678766,TARAVAL,Lakeshore,7.0,0,0,2025-09-01,404.77186617785185,1,0,False
37.7152498604,-122.49299565004,TARAVAL,Lakeshore,7.0,0,0,2025-09-01,400.7946341509147,1,0,False
37.71541211765,-122.4932810069,TARAVAL,Lakeshore,7.0,0,0,2025-09-01,429.2999825065503,1,0,False
37.71564126368,-122.4932085614,TARAVAL,Lakeshore,7.0,0,0,2025-09-01,436.97434658837653,1,0,False
37.71551963038,-122.49347677162,TARAVAL,Lakeshore,7.0,0,0,2025-09-01,448.6758589488564,1,0,False
37.7157292338,-122.49369932416,TARAVAL,Lakeshore,7.0,0,0,2025-09-01,475.35775637156195,1,0,False
37.71569052283,-122.49363532985,TARAVAL,Lakeshore,7.0,0,0,2025-09-01,468.8364130023856,1,0,False
37.71573366234,-122.49386560815,TARAVAL,Lakeshore,7.0,0,0,2025-09-01,487.2388661796415,1,0,False
37.71578508991,-122.49396645026,TARAVAL,Lakeshore,7.0,0,0,2025-09-01,497.037391518005,1,0,False
37.71581927884,-122.49411786006,TARAVAL,Lakeshore,7.0,0,0,2025-09-01,509.54529944804005,0,0,False
37.71589388792,-122.49435872326,TARAVAL,Lakeshore,7.0,0,0,2025-09-01,530.5708994228413,0,0,False
37.71593257768,-122.49445615818,TARAVAL,Lakeshore,7.0,0,0,2025-09-01,539.5263963544342,0,0,False
37.71603012097,-122.49462595808,TARAVAL,Lakeshore,7.0,0,0,2025-09-01,556.6483492292958,0,0,False
37.71604780249,-122.49474486094,TARAVAL,Lakeshore,7.0,0,0,2025-09-01,566.136417977889,0,0,False
37.71606964717,-122.49497824052,TARAVAL,Lakeshore,7.0,0,0,2025-09-01,584.2470354444981,0,0,False
37.7164256877,-122.49640288673,TARAVAL,Lakeshore,7.0,0,0,2025-09-01,707.2448836714777,0,1,False
37.71671287299,-122.49707270885,TARAVAL,Lakeshore,7.0,0,0,2025-09-01,759.3894264743774,0,1,False
37.71731393842,-122.49857764526,TARAVAL,Lakeshore,7.0,0,0,2025-09-01,732.5306773064758,0,1,False
37.71744283737,-122.49867304651,TARAVAL,Lakeshore,7.0,0,0,2025-09-01,720.3753869673395,0,1,False
37.71746260875,-122.49875671602,TARAVAL,Lakeshore,7.0,0,0,2025-09-01,717.9205745695033,0,1,False
37.7176494412,-122.49895697738,TARAVAL,Lakeshore,7.0,0,0,2025-09-01,700.1250349079992,0,1,False
37.71766721306,-122.49901691486,TARAVAL,Lakeshore,7.0,0,0,2025-09-01,698.2120001129923,0,1,False
37.71776308622,-122.49910622198,TARAVAL,Lakeshore,7.0,0,0,2025-09-01,689.3520529622734,0,1,False
37.71785072353,-122.49901806304,TARAVAL,Lakeshore,7.0,0,0,2025-09-01,682.1377250953759,0,1,False
37.71813909682,-122.49962246784,TARAVAL,Lakeshore,7.0,0,0,2025-09-01,655.4163395471297,0,1,False
37.71817257016,-122.49950472741,TARAVAL,Lakeshore,7.0,0,0,2025-09-01,652.4305002985692,0,1,False
37.71795867001,-122.49947536183,TARAVAL,Lakeshore,7.0,0,0,2025-09-01,671.2114981330525,0,1,False
37.71794354366,-122.49934732425,TARAVAL,Lakeshore,7.0,0,0,2025-09-01,672.7101075104171,0,1,False
37.71782814924,-122.49926074365,TARAVAL,Lakeshore,7.0,0,0,2025-09-01,683.0512556020282,0,1,False
37.71768854786,-122.4991956757,TARAVAL,Lakeshore,7.0,0,0,2025-09-01,695.5093452704139,0,1,False
37.71772469968,-122.49916128053,TARAVAL,Lakeshore,7.0,0,0,2025-09-01,692.4738772582112,0,1,False
37.71756490853,-122.49895177536,TARAVAL,Lakeshore,7.0,0,1,2025-09-01,707.5558178402449,0,1,False
37.72648161438,-122.50097522258,TARAVAL,Lakeshore,7.0,0,0,2025-09-01,109.40882870683694,2,2,False
37.7254812388,-122.49914024539,TARAVAL,Lakeshore,7.0,0,0,2025-09-01,35.82695295921965,3,1,False
37.72841067965,-122.48838340749,TARAVAL,Lakeshore,7.0,0,1,2025-09-01,472.11745816904346,1,8,False
37.71353370036,-122.48419248953,TARAVAL,Lakeshore,7.0,1,0,2025-09-01,467.41812504652637,1,1,False
37.71425330414,-122.48480609786,TARAVAL,Lakeshore,7.0,0,1,2025-09-01,434.02799265198377,1,1,False
37.7140896712,-122.48578142932,TARAVAL,Lakeshore,7.0,1,0,2025-09-01,349.6664761650152,1,0,False
37.72606605875,-122.48438375551,TARAVAL,Lakeshore,7.0,0,0,2025-09-01,822.7129065893052,0,1,True
37.72573987544,-122.48447493475,TARAVAL,Lakeshore,7.0,0,0,2025-09-01,810.976187565104,0,2,True
37.72539867053,-122.48464818042,TARAVAL,Lakeshore,7.0,0,0,2025-09-01,792.8871437195495,0,2,False
37.7253099352,-122.48468289608,TARAVAL,Lakeshore,7.0,0,0,2025-09-01,789.2540093939133,0,2,False
37.72519636234,-122.4847149474,TARAVAL,Lakeshore,7.0,0,0,2025-09-01,785.7938290239739,0,2,False
37.72519636234,-122.4847149474,TARAVAL,Lakeshore,7.0,0,0,2025-09-01,785.7938290239739,0,2,False
37.72484703872,-122.48486907385,TARAVAL,Lakeshore,7.0,0,0,2025-09-01,771.0483395009933,0,2,False
37.72460229067,-122.48494214959,TARAVAL,Lakeshore,7.0,0,0,2025-09-01,764.4885779304062,0,2,False
37.72267894799,-122.48521367784,TARAVAL,Lakeshore,7.0,0,0,2025-09-01,760.8507410677238,0,1,False
37.72288216905,-122.48520999069,TARAVAL,Lakeshore,7.0,0,0,2025-09-01,757.2842258814977,0,1,False
37.72230040473,-122.4851994844,TARAVAL,Lakeshore,7.0,0,0,2025-09-01,770.3337336293151,0,1,False
37.7219049233,-122.48520728819,TARAVAL,Lakeshore,7.0,0,0,2025-09-01,779.7411431929962,0,1,False
37.72157397942,-122.48516765195,TARAVAL,Lakeshore,7.0,0,0,2025-09-01,792.506820948183,0,1,False
37.72141524465,-122.48514000747,TARAVAL,Lakeshore,7.0,0,0,2025-09-01,799.6450370671571,0,1,False
37.72118582163,-122.48516238353,TARAVAL,Lakeshore,7.0,0,0,2025-09-01,805.2231739603432,0,1,True
37.72091848382,-122.48515391689,TARAVAL,Lakeshore,7.0,0,0,2025-09-01,815.0828548277921,0,1,True
37.71040602759,-122.4883348901,TARAVAL,Lakeshore,7.0,0,0,2025-09-01,200.67724844860734,1,0,False
37.74108739739,-122.50680184526,TARAVAL,Outer Sunset,4.0,0,0,2025-09-01,38.48016998845231,1,36,False
37.75397872702,-122.5085588321,TARAVAL,Outer Sunset,4.0,0,0,2025-09-01,556.906890917638,0,27,False
37.75456437891,-122.50867230779,TARAVAL,Outer Sunset,4.0,0,0,2025-09-01,504.59391939682297,0,34,False
37.77030825234,-122.51033220598,RICHMOND,Golden Gate Park,1.0,0,0,2025-09-01,65.85581600439968,11,47,False
37.77407814935,-122.45975046406,PARK,Golden Gate Park,1.0,0,0,2025-09-01,151.7630237141641,16,100,False
37.77248749205,-122.44323046519,PARK,Panhandle,5.0,0,0,2025-09-01,73.66737460897829,6,524,False
37.77355632207,-122.44162390023,PARK,Panhandle,5.0,0,0,2025-09-01,97.04102615014087,2,560,False
37.77315036684,-122.44463039581,PARK,Panhandle,5.0,0,0,2025-09-01,191.36950296713508,5,502,False
37.77290281031,-122.4466204263,PARK,Panhandle,5.0,0,0,2025-09-01,102.14421339185773,6,462,False
37.77275760395,-122.44775400116,PARK,Panhandle,5.0,0,0,2025-09-01,31.394984822844343,6,459,False
37.76592133454,-122.4683484205,TARAVAL,Golden Gate Park,5.0,0,0,2025-09-01,77.55331451106811,8,92,False
37.76567682945,-122.47409655145,TARAVAL,Golden Gate Park,7.0,0,0,2025-09-01,230.27665407941973,4,57,False
37.76537057081,-122.48097666918,TARAVAL,Golden Gate Park,4.0,0,0,2025-09-01,385.90153317296597,6,72,False
37.76489706299,-122.49162671892,TARAVAL,Golden Gate Park,4.0,0,0,2025-09-01,194.83418186936325,4,24,False
37.76456346847,-122.49850545606,TARAVAL,Golden Gate Park,1.0,0,0,2025-09-01,350.2733391834187,3,33,False
37.76439908416,-122.50248565898,TARAVAL,Golden Gate Park,4.0,0,0,2025-09-01,217.07096298310407,4,51,False
37.76795531498,-122.44260254343,PARK,Buena Vista,5.0,0,1,2025-09-01,308.1896466256483,6,297,False
37.76843678706,-122.44143961711,PARK,Buena Vista,8.0,0,1,2025-09-01,203.26548219985608,7,357,False
37.76837472784,-122.43898661273,PARK,Buena Vista,8.0,0,0,2025-09-01,140.67376168124898,10,459,False
37.77244868015,-122.448761598,PARK,Panhandle,5.0,0,1,2025-09-01,90.67384441601082,5,428,False
37.76450099083,-122.5093663069,RICHMOND,Golden Gate Park,1.0,0,1,2025-09-01,161.67080693746163,15,70,False
37.76600597457,-122.50934972348,RICHMOND,Golden Gate Park,1.0,1,0,2025-09-01,79.90347024399286,13,46,False
37.76654379922,-122.50799291043,RICHMOND,Golden Gate Park,4.0,0,1,2025-09-01,28.475783761892497,13,47,False
37.76439700596,-122.51024138357,RICHMOND,Golden Gate Park,1.0,0,1,2025-09-01,217.03331535647024,14,62,False
37.76426881708,-122.51038558431,RICHMOND,Golden Gate Park,1.0,0,1,2025-09-01,233.95525337531487,14,59,False
37.76927666823,-122.5086434941,RICHMOND,Golden Gate Park,1.0,1,0,2025-09-01,118.35847004222342,11,39,False
37.77107734589,-122.50749944624,RICHMOND,Golden Gate Park,1.0,0,1,2025-09-01,187.6990746334582,12,54,False
37.76757506768,-122.50734074008,RICHMOND,Golden Gate Park,1.0,1,0,2025-09-01,61.65468870144695,16,42,False
37.7644366164,-122.50987127454,TARAVAL,Golden Gate Park,1.0,0,1,2025-09-01,192.06329226598544,14,68,False
37.77158146298,-122.50273669932,RICHMOND,Golden Gate Park,1.0,0,1,2025-09-01,70.02928949872424,10,24,False
37.76540171336,-122.4984979355,RICHMOND,Golden Gate Park,1.0,0,1,2025-09-01,288.95486563143834,7,32,False
37.76573451898,-122.47792923509,RICHMOND,Golden Gate Park,4.0,0,1,2025-09-01,122.24065392743502,6,67,False
37.77171602927,-122.47417158417,RICHMOND,Golden Gate Park,7.0,0,1,2025-09-01,189.4593575868291,7,43,False
37.77044960242,-122.47247719976,RICHMOND,Golden Gate Park,7.0,0,1,2025-09-01,102.30100416522222,10,37,False
37.76826233054,-122.45770560581,PARK,Golden Gate Park,1.0,0,1,2025-09-01,25.12122442891441,32,110,False
37.77419237344,-122.45484733636,PARK,Golden Gate Park,1.0,0,1,2025-09-01,107.87599665880828,11,153,False
37.76861630977,-122.45540792619,PARK,Golden Gate Park,5.0,1,0,2025-09-01,66.99323817387639,30,186,False
37.7721136388,-122.47977916908,RICHMOND,Golden Gate Park,1.0,0,1,2025-09-01,140.22616630185294,5,29,False
37.77088316009,-122.46639497711,RICHMOND,Golden Gate Park,7.0,0,1,2025-09-01,218.8796250255245,13,85,False
37.76938882059,-122.45982039874,PARK,Golden Gate Park,7.0,0,1,2025-09-01,62.43946190495294,28,61,False
37.78199546673,-122.41301234812,TENDERLOIN,Tenderloin,6.0,1,0,2025-09-01,162.63862525357646,14,5512,False
37.78463943651,-122.41108819842,TENDERLOIN,Tenderloin,5.0,1,0,2025-09-01,69.79918402819447,11,3750,False
37.78290197374,-122.41327621043,TENDERLOIN,Tenderloin,5.0,1,0,2025-09-01,156.6746787521191,16,4892,False
37.78420514089,-122.41436854005,TENDERLOIN,Tenderloin,5.0,1,0,2025-09-01,110.36822903163126,14,4587,False
37.78494707207,-122.41618171334,TENDERLOIN,Tenderloin,6.0,1,0,2025-09-01,46.835573691649984,13,4259,False
37.78547569349,-122.41545684636,TENDERLOIN,Tenderloin,5.0,1,0,2025-09-01,59.34441659424426,11,3823,False
37.78507955899,-122.41873249412,TENDERLOIN,Tenderloin,5.0,1,0,2025-09-01,50.345010765152075,9,3515,False
37.78495634616,-122.41195186973,TENDERLOIN,Tenderloin,5.0,2,0,2025-09-01,57.70771226207248,10,3862,False
37.78414181142,-122.41860508919,TENDERLOIN,Tenderloin,6.0,3,0,2025-09-01,106.00594809449257,12,3640,False
37.78464897561,-122.41861447692,TENDERLOIN,Tenderloin,6.0,3,0,2025-09-01,72.30413894182577,10,3606,False
37.78344359378,-122.42010746151,NORTHERN,Tenderloin,6.0,3,0,2025-09-01,212.26377118043175,12,3174,False
37.78167085979,-122.42043670267,NORTHERN,Civic Center,5.0,1,0,2025-09-01,114.0235388669405,14,3088,False
37.78018453929,-122.40771196783,SOUTHERN,South of Market,6.0,2,0,2025-09-01,171.89718839442276,7,4368,False
37.7454429277,-122.39470157772,BAYVIEW,Produce Market,10.0,1,2,2025-09-01,351.7911096862257,1,106,False
37.73929967774,-122.40029633045,BAYVIEW,Apparel City,10.0,2,0,2025-09-01,459.95001626579045,1,360,False
37.74876263157,-122.40675441921,MISSION,Peralta Heights,9.0,0,1,2025-09-01,112.20020640836479,3,1049,False
37.77093735925,-122.40850958973,SOUTHERN,Showplace Square,6.0,3,0,2025-09-01,504.78123812998604,0,2704,False
37.76997239944,-122.40895047784,SOUTHERN,Showplace Square,6.0,3,0,2025-09-01,423.3262772373868,4,2513,False
37.77002063448,-122.40811865777,SOUTHERN,Showplace Square,6.0,4,0,2025-09-01,424.5472000699103,3,2204,False
37.73428442889,-122.40555144846,BAYVIEW,Portola,10.0,1,0,2025-09-01,268.0734388902543,2,154,False
37.75690299037,-122.40393374115,MISSION,Potrero Hill,10.0,1,0,2025-09-01,155.28804877010023,3,794,False
37.75739152125,-122.40284409374,BAYVIEW,Potrero Hill,10.0,1,0,2025-09-01,207.84758840375608,3,669,False
37.72610657774,-122.4459431693,INGLESIDE,Mission Terrace,11.0,1,0,2025-09-01,69.32928771656655,5,55,False
